order_item_id,order_id,product_id,quantity,unit_price,discount_pct,item_total,product_name,category,skin_type,mrp,cost_price,gross_margin,margin_pct,real_revenue,real_cost,real_margin,real_margin_pct,order_status,order_date,sales_channel
OI000001,O00001,P023,1,499,15,424.15,Anti-Dandruff Shampoo,Hair Care,Scalp Care,499,221,278,55.71,424.15,221,203.14999999999998,47.9,Delivered,2024-06-10,Mobile App
OI000002,O00002,P020,1,349,0,349.0,Rose Water Hydrating Toner,Toner,All Skin Types,349,139,210,60.17,349.0,139,210.0,60.17,Delivered,2025-02-18,Website
OI000003,O00003,P001,2,549,10,988.2,2% Salicylic Acid Face Serum,Serum,Oily / Acne-Prone,549,247,302,55.01,988.2,494,494.20000000000005,50.01,Delivered,2025-12-03,Website
OI000004,O00003,P002,1,599,20,479.2,10% Niacinamide Face Serum,Serum,Oily / Combination,599,265,334,55.76,479.2,265,214.2,44.7,Delivered,2025-12-03,Website
OI000005,O00004,P009,2,349,5,663.1,Ceramide Moisturizer,Moisturizer,Dry / Sensitive,349,145,204,58.45,663.1,290,373.1,56.27,Delivered,2025-08-10,Website
OI000006,O00005,P020,3,349,10,942.3,Rose Water Hydrating Toner,Toner,All Skin Types,349,139,210,60.17,942.3,417,525.3,55.75,Delivered,2025-07-17,Website
OI000007,O00005,P006,1,599,5,569.05,Hyaluronic Acid 2% Serum,Serum,Dry / Dehydrated,599,258,341,56.93,569.05,258,311.04999999999995,54.66,Delivered,2025-07-17,Website
OI000008,O00006,P014,1,499,15,424.15,SPF 60 PA++++ Sunscreen,Sunscreen,All Skin Types,499,211,288,57.72,424.15,211,213.14999999999998,50.25,Delivered,2025-05-11,Website
OI000013,O00009,P007,1,699,0,699.0,AHA BHA 10% Exfoliating Serum,Serum,Oily / Combination,699,322,377,53.93,699.0,322,377.0,53.93,Delivered,2024-05-25,Mobile App
OI000014,O00010,P004,1,649,0,649.0,Alpha Arbutin 2% Serum,Serum,All Skin Types,649,292,357,55.01,649.0,292,357.0,55.01,Delivered,2024-05-13,Mobile App
OI000016,O00012,P016,1,299,15,254.15,Salicylic Acid Face Cleanser,Cleanser,Oily / Acne-Prone,299,117,182,60.87,254.15,117,137.15,53.96,Delivered,2025-09-20,Website
OI000017,O00013,P006,1,599,20,479.2,Hyaluronic Acid 2% Serum,Serum,Dry / Dehydrated,599,258,341,56.93,479.2,258,221.2,46.16,Delivered,2025-09-18,Website
OI000018,O00013,P028,1,249,15,211.65,Lip Balm SPF 30,Lip Care,All Skin Types,249,92,157,63.05,211.65,92,119.65,56.53,Delivered,2025-09-18,Website
OI000019,O00014,P010,1,399,5,379.05,Vitamin B5 Moisturizer,Moisturizer,All Skin Types,399,162,237,59.4,379.05,162,217.05,57.26,Delivered,2024-03-10,Website
OI000020,O00015,P006,1,599,5,569.05,Hyaluronic Acid 2% Serum,Serum,Dry / Dehydrated,599,258,341,56.93,569.05,258,311.04999999999995,54.66,Delivered,2025-12-04,Website
OI000021,O00016,P002,1,599,25,449.25,10% Niacinamide Face Serum,Serum,Oily / Combination,599,265,334,55.76,449.25,265,184.25,41.01,Delivered,2025-05-09,Mobile App
OI000022,O00017,P022,1,499,5,474.05,Multi-Peptide Eye Cream,Eye Care,Mature / Dry,499,218,281,56.31,474.05,218,256.05,54.01,Delivered,2025-07-07,Website
OI000023,O00017,P004,1,649,10,584.1,Alpha Arbutin 2% Serum,Serum,All Skin Types,649,292,357,55.01,584.1,292,292.1,50.01,Delivered,2025-07-07,Website
OI000024,O00018,P006,1,599,5,569.05,Hyaluronic Acid 2% Serum,Serum,Dry / Dehydrated,599,258,341,56.93,569.05,258,311.04999999999995,54.66,Delivered,2024-03-24,Website
OI000025,O00018,P015,1,449,0,449.0,Aqualogica Lightweight Sunscreen,Sunscreen,Oily / Combination,449,192,257,57.24,449.0,192,257.0,57.24,Delivered,2024-03-24,Website
OI000026,O00018,P009,1,349,5,331.55,Ceramide Moisturizer,Moisturizer,Dry / Sensitive,349,145,204,58.45,331.55,145,186.55,56.27,Delivered,2024-03-24,Website
OI000027,O00019,P014,1,499,10,449.1,SPF 60 PA++++ Sunscreen,Sunscreen,All Skin Types,499,211,288,57.72,449.1,211,238.10000000000002,53.02,Delivered,2025-12-14,Website
OI000028,O00019,P013,2,399,10,718.2,SPF 50 Sunscreen,Sunscreen,All Skin Types,399,168,231,57.89,718.2,336,382.20000000000005,53.22,Delivered,2025-12-14,Website
OI000029,O00019,P022,2,499,10,898.2,Multi-Peptide Eye Cream,Eye Care,Mature / Dry,499,218,281,56.31,898.2,436,462.20000000000005,51.46,Delivered,2025-12-14,Website
OI000030,O00019,P021,1,399,20,319.2,Caffeine Under Eye Cream,Eye Care,All Skin Types,399,157,242,60.65,319.2,157,162.2,50.81,Delivered,2025-12-14,Website
OI000031,O00020,P004,3,649,15,1654.95,Alpha Arbutin 2% Serum,Serum,All Skin Types,649,292,357,55.01,1654.95,876,778.95,47.07,Delivered,2025-06-13,Website
OI000032,O00020,P028,1,249,5,236.55,Lip Balm SPF 30,Lip Care,All Skin Types,249,92,157,63.05,236.55,92,144.55,61.11,Delivered,2025-06-13,Website
OI000033,O00021,P001,2,549,0,1098.0,2% Salicylic Acid Face Serum,Serum,Oily / Acne-Prone,549,247,302,55.01,1098.0,494,604.0,55.01,Delivered,2025-08-16,Website
OI000034,O00021,P017,1,299,10,269.1,Oat Extract Gentle Cleanser,Cleanser,Sensitive / Dry,299,121,178,59.53,269.1,121,148.10000000000002,55.04,Delivered,2025-08-16,Website
OI000035,O00021,P014,1,499,25,374.25,SPF 60 PA++++ Sunscreen,Sunscreen,All Skin Types,499,211,288,57.72,374.25,211,163.25,43.62,Delivered,2025-08-16,Website
OI000036,O00022,P004,1,649,10,584.1,Alpha Arbutin 2% Serum,Serum,All Skin Types,649,292,357,55.01,584.1,292,292.1,50.01,Delivered,2024-12-18,Mobile App
OI000038,O00024,P010,1,399,0,399.0,Vitamin B5 Moisturizer,Moisturizer,All Skin Types,399,162,237,59.4,399.0,162,237.0,59.4,Delivered,2024-10-02,Website
OI000039,O00024,P012,2,449,0,898.0,Marula Oil 5% Moisturizer,Moisturizer,Dry,449,197,252,56.12,898.0,394,504.0,56.12,Delivered,2024-10-02,Website
OI000040,O00024,P012,1,449,5,426.55,Marula Oil 5% Moisturizer,Moisturizer,Dry,449,197,252,56.12,426.55,197,229.55,53.82,Delivered,2024-10-02,Website
OI000041,O00025,P006,1,599,10,539.1,Hyaluronic Acid 2% Serum,Serum,Dry / Dehydrated,599,258,341,56.93,539.1,258,281.1,52.14,Delivered,2024-10-22,Marketplace
OI000042,O00025,P022,1,499,0,499.0,Multi-Peptide Eye Cream,Eye Care,Mature / Dry,499,218,281,56.31,499.0,218,281.0,56.31,Delivered,2024-10-22,Marketplace
OI000043,O00026,P016,1,299,0,299.0,Salicylic Acid Face Cleanser,Cleanser,Oily / Acne-Prone,299,117,182,60.87,299.0,117,182.0,60.87,Delivered,2025-04-30,Mobile App
OI000044,O00026,P007,1,699,25,524.25,AHA BHA 10% Exfoliating Serum,Serum,Oily / Combination,699,322,377,53.93,524.25,322,202.25,38.58,Delivered,2025-04-30,Mobile App
OI000045,O00027,P001,1,549,10,494.1,2% Salicylic Acid Face Serum,Serum,Oily / Acne-Prone,549,247,302,55.01,494.1,247,247.10000000000002,50.01,Delivered,2024-07-30,Mobile App
OI000046,O00027,P025,1,599,5,569.05,Bond Repair Shampoo,Hair Care,Hair Care,599,266,333,55.59,569.05,266,303.04999999999995,53.26,Delivered,2024-07-30,Mobile App
OI000047,O00028,P014,3,499,25,1122.75,SPF 60 PA++++ Sunscreen,Sunscreen,All Skin Types,499,211,288,57.72,1122.75,633,489.75,43.62,Delivered,2024-12-23,Website
OI000048,O00028,P001,2,549,10,988.2,2% Salicylic Acid Face Serum,Serum,Oily / Acne-Prone,549,247,302,55.01,988.2,494,494.20000000000005,50.01,Delivered,2024-12-23,Website
OI000049,O00029,P004,1,649,0,649.0,Alpha Arbutin 2% Serum,Serum,All Skin Types,649,292,357,55.01,649.0,292,357.0,55.01,Delivered,2025-10-17,Marketplace
OI000050,O00029,P012,2,449,15,763.3,Marula Oil 5% Moisturizer,Moisturizer,Dry,449,197,252,56.12,763.3,394,369.29999999999995,48.38,Delivered,2025-10-17,Marketplace
OI000051,O00030,P014,1,499,5,474.05,SPF 60 PA++++ Sunscreen,Sunscreen,All Skin Types,499,211,288,57.72,474.05,211,263.05,55.49,Delivered,2024-10-29,Website
OI000052,O00030,P004,1,649,15,551.65,Alpha Arbutin 2% Serum,Serum,All Skin Types,649,292,357,55.01,551.65,292,259.65,47.07,Delivered,2024-10-29,Website
OI000055,O00033,P009,2,349,0,698.0,Ceramide Moisturizer,Moisturizer,Dry / Sensitive,349,145,204,58.45,698.0,290,408.0,58.45,Delivered,2025-08-17,Website
OI000056,O00033,P007,1,699,5,664.05,AHA BHA 10% Exfoliating Serum,Serum,Oily / Combination,699,322,377,53.93,664.05,322,342.04999999999995,51.51,Delivered,2025-08-17,Website
OI000057,O00033,P002,1,599,20,479.2,10% Niacinamide Face Serum,Serum,Oily / Combination,599,265,334,55.76,479.2,265,214.2,44.7,Delivered,2025-08-17,Website
OI000058,O00034,P018,1,349,15,296.65,Glycolic Acid Face Cleanser,Cleanser,Normal / Oily,349,143,206,59.03,296.65,143,153.64999999999998,51.8,Delivered,2024-12-06,Website
OI000059,O00035,P013,1,399,25,299.25,SPF 50 Sunscreen,Sunscreen,All Skin Types,399,168,231,57.89,299.25,168,131.25,43.86,Delivered,2025-09-21,Website
OI000060,O00036,P012,1,449,0,449.0,Marula Oil 5% Moisturizer,Moisturizer,Dry,449,197,252,56.12,449.0,197,252.0,56.12,Delivered,2025-10-18,Website
OI000061,O00037,P021,3,399,5,1137.15,Caffeine Under Eye Cream,Eye Care,All Skin Types,399,157,242,60.65,1137.15,471,666.1500000000001,58.58,Delivered,2024-12-16,Website
OI000062,O00037,P001,1,549,10,494.1,2% Salicylic Acid Face Serum,Serum,Oily / Acne-Prone,549,247,302,55.01,494.1,247,247.10000000000002,50.01,Delivered,2024-12-16,Website
OI000063,O00037,P005,1,699,15,594.15,Retinol 0.3% Face Serum,Serum,Normal / Dry,699,318,381,54.51,594.15,318,276.15,46.48,Delivered,2024-12-16,Website
OI000064,O00038,P003,1,699,0,699.0,Vitamin C 10% Face Serum,Serum,All Skin Types,699,315,384,54.94,699.0,315,384.0,54.94,Delivered,2024-02-19,Mobile App
OI000065,O00039,P015,1,449,5,426.55,Aqualogica Lightweight Sunscreen,Sunscreen,Oily / Combination,449,192,257,57.24,426.55,192,234.55,54.99,Delivered,2025-12-12,Website
OI000066,O00040,P028,1,249,0,249.0,Lip Balm SPF 30,Lip Care,All Skin Types,249,92,157,63.05,249.0,92,157.0,63.05,Delivered,2024-04-26,Mobile App
OI000067,O00040,P009,1,349,20,279.2,Ceramide Moisturizer,Moisturizer,Dry / Sensitive,349,145,204,58.45,279.2,145,134.2,48.07,Delivered,2024-04-26,Mobile App
OI000068,O00041,P018,1,349,5,331.55,Glycolic Acid Face Cleanser,Cleanser,Normal / Oily,349,143,206,59.03,331.55,143,188.55,56.87,Delivered,2024-04-23,Website
OI000070,O00043,P024,2,799,0,1598.0,Hair Growth Actives Serum,Hair Care,Scalp Care,799,372,427,53.44,1598.0,744,854.0,53.44,Delivered,2024-05-21,Website
OI000071,O00043,P002,1,599,25,449.25,10% Niacinamide Face Serum,Serum,Oily / Combination,599,265,334,55.76,449.25,265,184.25,41.01,Delivered,2024-05-21,Website
OI000075,O00045,P016,1,299,20,239.2,Salicylic Acid Face Cleanser,Cleanser,Oily / Acne-Prone,299,117,182,60.87,239.2,117,122.19999999999999,51.09,Delivered,2024-05-13,Website
OI000076,O00046,P002,1,599,5,569.05,10% Niacinamide Face Serum,Serum,Oily / Combination,599,265,334,55.76,569.05,265,304.04999999999995,53.43,Delivered,2024-08-17,Website
OI000077,O00046,P016,1,299,5,284.05,Salicylic Acid Face Cleanser,Cleanser,Oily / Acne-Prone,299,117,182,60.87,284.05,117,167.05,58.81,Delivered,2024-08-17,Website
OI000079,O00048,P021,1,399,20,319.2,Caffeine Under Eye Cream,Eye Care,All Skin Types,399,157,242,60.65,319.2,157,162.2,50.81,Delivered,2025-06-03,Website
OI000080,O00049,P027,2,399,10,718.2,Body Wash with Salicylic Acid,Body Care,Oily / Acne-Prone,399,159,240,60.15,718.2,318,400.20000000000005,55.72,Delivered,2025-01-27,Mobile App
OI000081,O00049,P015,1,449,10,404.1,Aqualogica Lightweight Sunscreen,Sunscreen,Oily / Combination,449,192,257,57.24,404.1,192,212.10000000000002,52.49,Delivered,2025-01-27,Mobile App
OI000082,O00050,P009,1,349,10,314.1,Ceramide Moisturizer,Moisturizer,Dry / Sensitive,349,145,204,58.45,314.1,145,169.10000000000002,53.84,Delivered,2024-08-16,Mobile App
OI000083,O00050,P011,1,349,5,331.55,Sepicalm 3% Moisturizer,Moisturizer,Sensitive,349,148,201,57.59,331.55,148,183.55,55.36,Delivered,2024-08-16,Mobile App
OI000085,O00052,P015,1,449,0,449.0,Aqualogica Lightweight Sunscreen,Sunscreen,Oily / Combination,449,192,257,57.24,449.0,192,257.0,57.24,Delivered,2025-04-13,Mobile App
OI000086,O00053,P014,2,499,15,848.3,SPF 60 PA++++ Sunscreen,Sunscreen,All Skin Types,499,211,288,57.72,848.3,422,426.29999999999995,50.25,Delivered,2024-05-17,Mobile App
OI000087,O00054,P014,1,499,5,474.05,SPF 60 PA++++ Sunscreen,Sunscreen,All Skin Types,499,211,288,57.72,474.05,211,263.05,55.49,Delivered,2025-10-24,Mobile App
OI000088,O00055,P026,1,449,10,404.1,Body Lotion with Niacinamide,Body Care,All Skin Types,449,182,267,59.47,404.1,182,222.10000000000002,54.96,Delivered,2025-08-18,Mobile App
OI000089,O00055,P015,1,449,5,426.55,Aqualogica Lightweight Sunscreen,Sunscreen,Oily / Combination,449,192,257,57.24,426.55,192,234.55,54.99,Delivered,2025-08-18,Mobile App
OI000090,O00056,P011,1,349,10,314.1,Sepicalm 3% Moisturizer,Moisturizer,Sensitive,349,148,201,57.59,314.1,148,166.10000000000002,52.88,Delivered,2024-07-01,Website
OI000091,O00057,P002,1,599,5,569.05,10% Niacinamide Face Serum,Serum,Oily / Combination,599,265,334,55.76,569.05,265,304.04999999999995,53.43,Delivered,2024-10-19,Website
OI000092,O00058,P003,1,699,20,559.2,Vitamin C 10% Face Serum,Serum,All Skin Types,699,315,384,54.94,559.2,315,244.20000000000005,43.67,Delivered,2024-03-04,Website
OI000093,O00058,P024,1,799,10,719.1,Hair Growth Actives Serum,Hair Care,Scalp Care,799,372,427,53.44,719.1,372,347.1,48.27,Delivered,2024-03-04,Website
OI000094,O00059,P028,1,249,5,236.55,Lip Balm SPF 30,Lip Care,All Skin Types,249,92,157,63.05,236.55,92,144.55,61.11,Delivered,2025-12-13,Website
OI000095,O00059,P008,1,799,15,679.15,Granactive Retinoid 2% Serum,Serum,Normal / Mature,799,358,441,55.19,679.15,358,321.15,47.29,Delivered,2025-12-13,Website
OI000096,O00059,P013,2,399,15,678.3,SPF 50 Sunscreen,Sunscreen,All Skin Types,399,168,231,57.89,678.3,336,342.29999999999995,50.46,Delivered,2025-12-13,Website
OI000097,O00060,P007,1,699,10,629.1,AHA BHA 10% Exfoliating Serum,Serum,Oily / Combination,699,322,377,53.93,629.1,322,307.1,48.82,Delivered,2025-01-11,Mobile App
OI000098,O00060,P004,1,649,5,616.55,Alpha Arbutin 2% Serum,Serum,All Skin Types,649,292,357,55.01,616.55,292,324.54999999999995,52.64,Delivered,2025-01-11,Mobile App
OI000099,O00060,P016,1,299,0,299.0,Salicylic Acid Face Cleanser,Cleanser,Oily / Acne-Prone,299,117,182,60.87,299.0,117,182.0,60.87,Delivered,2025-01-11,Mobile App
OI000100,O00060,P004,1,649,5,616.55,Alpha Arbutin 2% Serum,Serum,All Skin Types,649,292,357,55.01,616.55,292,324.54999999999995,52.64,Delivered,2025-01-11,Mobile App
OI000101,O00061,P012,1,449,15,381.65,Marula Oil 5% Moisturizer,Moisturizer,Dry,449,197,252,56.12,381.65,197,184.64999999999998,48.38,Delivered,2024-11-14,Mobile App
OI000102,O00061,P014,1,499,5,474.05,SPF 60 PA++++ Sunscreen,Sunscreen,All Skin Types,499,211,288,57.72,474.05,211,263.05,55.49,Delivered,2024-11-14,Mobile App
OI000104,O00063,P013,1,399,20,319.2,SPF 50 Sunscreen,Sunscreen,All Skin Types,399,168,231,57.89,319.2,168,151.2,47.37,Delivered,2024-02-10,Marketplace
OI000105,O00064,P028,1,249,10,224.1,Lip Balm SPF 30,Lip Care,All Skin Types,249,92,157,63.05,224.1,92,132.1,58.95,Delivered,2024-02-14,Website
OI000106,O00065,P028,1,249,20,199.2,Lip Balm SPF 30,Lip Care,All Skin Types,249,92,157,63.05,199.2,92,107.19999999999999,53.82,Delivered,2024-08-06,Website
OI000107,O00065,P019,1,399,0,399.0,PHA 3% Alcohol-Free Toner,Toner,Sensitive,399,166,233,58.4,399.0,166,233.0,58.4,Delivered,2024-08-06,Website
OI000108,O00066,P010,1,399,10,359.1,Vitamin B5 Moisturizer,Moisturizer,All Skin Types,399,162,237,59.4,359.1,162,197.10000000000002,54.89,Delivered,2024-03-13,Website
OI000109,O00066,P001,1,549,10,494.1,2% Salicylic Acid Face Serum,Serum,Oily / Acne-Prone,549,247,302,55.01,494.1,247,247.10000000000002,50.01,Delivered,2024-03-13,Website
OI000110,O00067,P007,1,699,15,594.15,AHA BHA 10% Exfoliating Serum,Serum,Oily / Combination,699,322,377,53.93,594.15,322,272.15,45.8,Delivered,2024-03-15,Mobile App
OI000111,O00067,P026,1,449,0,449.0,Body Lotion with Niacinamide,Body Care,All Skin Types,449,182,267,59.47,449.0,182,267.0,59.47,Delivered,2024-03-15,Mobile App
OI000112,O00068,P024,2,799,0,1598.0,Hair Growth Actives Serum,Hair Care,Scalp Care,799,372,427,53.44,1598.0,744,854.0,53.44,Delivered,2025-07-12,Mobile App
OI000113,O00068,P016,1,299,10,269.1,Salicylic Acid Face Cleanser,Cleanser,Oily / Acne-Prone,299,117,182,60.87,269.1,117,152.10000000000002,56.52,Delivered,2025-07-12,Mobile App
OI000114,O00068,P027,1,399,10,359.1,Body Wash with Salicylic Acid,Body Care,Oily / Acne-Prone,399,159,240,60.15,359.1,159,200.10000000000002,55.72,Delivered,2025-07-12,Mobile App
OI000115,O00068,P001,1,549,5,521.55,2% Salicylic Acid Face Serum,Serum,Oily / Acne-Prone,549,247,302,55.01,521.55,247,274.54999999999995,52.64,Delivered,2025-07-12,Mobile App
OI000118,O00070,P014,2,499,5,948.1,SPF 60 PA++++ Sunscreen,Sunscreen,All Skin Types,499,211,288,57.72,948.1,422,526.1,55.49,Delivered,2025-04-17,Website
OI000119,O00071,P009,1,349,0,349.0,Ceramide Moisturizer,Moisturizer,Dry / Sensitive,349,145,204,58.45,349.0,145,204.0,58.45,Delivered,2025-05-12,Mobile App
OI000120,O00071,P008,1,799,5,759.05,Granactive Retinoid 2% Serum,Serum,Normal / Mature,799,358,441,55.19,759.05,358,401.04999999999995,52.84,Delivered,2025-05-12,Mobile App
OI000121,O00072,P014,2,499,20,798.4,SPF 60 PA++++ Sunscreen,Sunscreen,All Skin Types,499,211,288,57.72,798.4,422,376.4,47.14,Delivered,2025-05-06,Mobile App
OI000124,O00074,P011,1,349,5,331.55,Sepicalm 3% Moisturizer,Moisturizer,Sensitive,349,148,201,57.59,331.55,148,183.55,55.36,Delivered,2024-06-01,Mobile App
OI000128,O00076,P015,1,449,5,426.55,Aqualogica Lightweight Sunscreen,Sunscreen,Oily / Combination,449,192,257,57.24,426.55,192,234.55,54.99,Delivered,2025-04-10,Website
OI000129,O00076,P006,1,599,10,539.1,Hyaluronic Acid 2% Serum,Serum,Dry / Dehydrated,599,258,341,56.93,539.1,258,281.1,52.14,Delivered,2025-04-10,Website
OI000130,O00076,P018,2,349,0,698.0,Glycolic Acid Face Cleanser,Cleanser,Normal / Oily,349,143,206,59.03,698.0,286,412.0,59.03,Delivered,2025-04-10,Website
OI000131,O00076,P014,1,499,25,374.25,SPF 60 PA++++ Sunscreen,Sunscreen,All Skin Types,499,211,288,57.72,374.25,211,163.25,43.62,Delivered,2025-04-10,Website
OI000132,O00077,P004,1,649,15,551.65,Alpha Arbutin 2% Serum,Serum,All Skin Types,649,292,357,55.01,551.65,292,259.65,47.07,Delivered,2024-10-29,Mobile App
OI000133,O00078,P003,1,699,0,699.0,Vitamin C 10% Face Serum,Serum,All Skin Types,699,315,384,54.94,699.0,315,384.0,54.94,Delivered,2025-05-05,Website
OI000135,O00080,P004,1,649,15,551.65,Alpha Arbutin 2% Serum,Serum,All Skin Types,649,292,357,55.01,551.65,292,259.65,47.07,Delivered,2025-04-04,Website
OI000136,O00081,P012,1,449,10,404.1,Marula Oil 5% Moisturizer,Moisturizer,Dry,449,197,252,56.12,404.1,197,207.10000000000002,51.25,Delivered,2024-03-11,Website
OI000137,O00081,P010,1,399,0,399.0,Vitamin B5 Moisturizer,Moisturizer,All Skin Types,399,162,237,59.4,399.0,162,237.0,59.4,Delivered,2024-03-11,Website
OI000138,O00081,P004,2,649,10,1168.2,Alpha Arbutin 2% Serum,Serum,All Skin Types,649,292,357,55.01,1168.2,584,584.2,50.01,Delivered,2024-03-11,Website
OI000139,O00082,P010,2,399,15,678.3,Vitamin B5 Moisturizer,Moisturizer,All Skin Types,399,162,237,59.4,678.3,324,354.29999999999995,52.23,Delivered,2025-09-09,Mobile App
OI000140,O00083,P010,1,399,20,319.2,Vitamin B5 Moisturizer,Moisturizer,All Skin Types,399,162,237,59.4,319.2,162,157.2,49.25,Delivered,2025-01-25,Mobile App
OI000141,O00083,P006,1,599,10,539.1,Hyaluronic Acid 2% Serum,Serum,Dry / Dehydrated,599,258,341,56.93,539.1,258,281.1,52.14,Delivered,2025-01-25,Mobile App
OI000142,O00084,P004,1,649,5,616.55,Alpha Arbutin 2% Serum,Serum,All Skin Types,649,292,357,55.01,616.55,292,324.54999999999995,52.64,Delivered,2024-08-16,Website
OI000143,O00085,P006,1,599,5,569.05,Hyaluronic Acid 2% Serum,Serum,Dry / Dehydrated,599,258,341,56.93,569.05,258,311.04999999999995,54.66,Delivered,2024-07-27,Website
OI000144,O00086,P015,1,449,5,426.55,Aqualogica Lightweight Sunscreen,Sunscreen,Oily / Combination,449,192,257,57.24,426.55,192,234.55,54.99,Delivered,2025-12-17,Mobile App
OI000145,O00086,P016,1,299,15,254.15,Salicylic Acid Face Cleanser,Cleanser,Oily / Acne-Prone,299,117,182,60.87,254.15,117,137.15,53.96,Delivered,2025-12-17,Mobile App
OI000146,O00087,P010,3,399,0,1197.0,Vitamin B5 Moisturizer,Moisturizer,All Skin Types,399,162,237,59.4,1197.0,486,711.0,59.4,Delivered,2024-03-06,Mobile App
OI000147,O00087,P016,1,299,0,299.0,Salicylic Acid Face Cleanser,Cleanser,Oily / Acne-Prone,299,117,182,60.87,299.0,117,182.0,60.87,Delivered,2024-03-06,Mobile App
OI000148,O00087,P007,1,699,0,699.0,AHA BHA 10% Exfoliating Serum,Serum,Oily / Combination,699,322,377,53.93,699.0,322,377.0,53.93,Delivered,2024-03-06,Mobile App
OI000149,O00088,P016,1,299,25,224.25,Salicylic Acid Face Cleanser,Cleanser,Oily / Acne-Prone,299,117,182,60.87,224.25,117,107.25,47.83,Delivered,2024-10-19,Mobile App
OI000150,O00088,P009,1,349,5,331.55,Ceramide Moisturizer,Moisturizer,Dry / Sensitive,349,145,204,58.45,331.55,145,186.55,56.27,Delivered,2024-10-19,Mobile App
OI000151,O00089,P021,1,399,25,299.25,Caffeine Under Eye Cream,Eye Care,All Skin Types,399,157,242,60.65,299.25,157,142.25,47.54,Delivered,2024-04-02,Mobile App
OI000152,O00090,P021,2,399,10,718.2,Caffeine Under Eye Cream,Eye Care,All Skin Types,399,157,242,60.65,718.2,314,404.20000000000005,56.28,Delivered,2024-06-28,Website
OI000153,O00090,P027,1,399,25,299.25,Body Wash with Salicylic Acid,Body Care,Oily / Acne-Prone,399,159,240,60.15,299.25,159,140.25,46.87,Delivered,2024-06-28,Website
OI000154,O00090,P024,1,799,15,679.15,Hair Growth Actives Serum,Hair Care,Scalp Care,799,372,427,53.44,679.15,372,307.15,45.23,Delivered,2024-06-28,Website
OI000155,O00091,P015,3,449,15,1144.95,Aqualogica Lightweight Sunscreen,Sunscreen,Oily / Combination,449,192,257,57.24,1144.95,576,568.95,49.69,Delivered,2025-11-28,Website
OI000156,O00092,P026,1,449,5,426.55,Body Lotion with Niacinamide,Body Care,All Skin Types,449,182,267,59.47,426.55,182,244.55,57.33,Delivered,2024-09-26,Mobile App
OI000157,O00093,P005,1,699,10,629.1,Retinol 0.3% Face Serum,Serum,Normal / Dry,699,318,381,54.51,629.1,318,311.1,49.45,Delivered,2024-07-13,Mobile App
OI000161,O00095,P004,1,649,10,584.1,Alpha Arbutin 2% Serum,Serum,All Skin Types,649,292,357,55.01,584.1,292,292.1,50.01,Delivered,2025-03-09,Website
OI000162,O00095,P028,1,249,0,249.0,Lip Balm SPF 30,Lip Care,All Skin Types,249,92,157,63.05,249.0,92,157.0,63.05,Delivered,2025-03-09,Website
OI000163,O00096,P015,1,449,10,404.1,Aqualogica Lightweight Sunscreen,Sunscreen,Oily / Combination,449,192,257,57.24,404.1,192,212.10000000000002,52.49,Delivered,2025-01-05,Website
OI000164,O00097,P003,1,699,5,664.05,Vitamin C 10% Face Serum,Serum,All Skin Types,699,315,384,54.94,664.05,315,349.04999999999995,52.56,Delivered,2025-02-14,Mobile App
OI000167,O00099,P009,1,349,20,279.2,Ceramide Moisturizer,Moisturizer,Dry / Sensitive,349,145,204,58.45,279.2,145,134.2,48.07,Delivered,2024-08-08,Website
OI000168,O00100,P016,1,299,15,254.15,Salicylic Acid Face Cleanser,Cleanser,Oily / Acne-Prone,299,117,182,60.87,254.15,117,137.15,53.96,Delivered,2025-08-13,Mobile App
OI000169,O00101,P008,1,799,10,719.1,Granactive Retinoid 2% Serum,Serum,Normal / Mature,799,358,441,55.19,719.1,358,361.1,50.22,Delivered,2024-12-11,Marketplace
OI000170,O00102,P011,1,349,20,279.2,Sepicalm 3% Moisturizer,Moisturizer,Sensitive,349,148,201,57.59,279.2,148,131.2,46.99,Delivered,2024-10-04,Mobile App
OI000171,O00103,P011,1,349,25,261.75,Sepicalm 3% Moisturizer,Moisturizer,Sensitive,349,148,201,57.59,261.75,148,113.75,43.46,Delivered,2025-12-18,Website
OI000172,O00103,P002,1,599,10,539.1,10% Niacinamide Face Serum,Serum,Oily / Combination,599,265,334,55.76,539.1,265,274.1,50.84,Delivered,2025-12-18,Website
OI000173,O00103,P019,1,399,20,319.2,PHA 3% Alcohol-Free Toner,Toner,Sensitive,399,166,233,58.4,319.2,166,153.2,47.99,Delivered,2025-12-18,Website
OI000174,O00104,P023,2,499,10,898.2,Anti-Dandruff Shampoo,Hair Care,Scalp Care,499,221,278,55.71,898.2,442,456.20000000000005,50.79,Delivered,2024-05-14,Website
OI000175,O00104,P011,1,349,20,279.2,Sepicalm 3% Moisturizer,Moisturizer,Sensitive,349,148,201,57.59,279.2,148,131.2,46.99,Delivered,2024-05-14,Website
OI000176,O00104,P024,1,799,10,719.1,Hair Growth Actives Serum,Hair Care,Scalp Care,799,372,427,53.44,719.1,372,347.1,48.27,Delivered,2024-05-14,Website
OI000177,O00105,P006,1,599,5,569.05,Hyaluronic Acid 2% Serum,Serum,Dry / Dehydrated,599,258,341,56.93,569.05,258,311.04999999999995,54.66,Delivered,2025-07-31,Marketplace
OI000178,O00106,P001,1,549,5,521.55,2% Salicylic Acid Face Serum,Serum,Oily / Acne-Prone,549,247,302,55.01,521.55,247,274.54999999999995,52.64,Delivered,2024-10-20,Marketplace
OI000179,O00107,P022,1,499,10,449.1,Multi-Peptide Eye Cream,Eye Care,Mature / Dry,499,218,281,56.31,449.1,218,231.10000000000002,51.46,Delivered,2025-02-25,Mobile App
OI000180,O00107,P005,1,699,15,594.15,Retinol 0.3% Face Serum,Serum,Normal / Dry,699,318,381,54.51,594.15,318,276.15,46.48,Delivered,2025-02-25,Mobile App
OI000181,O00108,P003,1,699,10,629.1,Vitamin C 10% Face Serum,Serum,All Skin Types,699,315,384,54.94,629.1,315,314.1,49.93,Delivered,2024-10-18,Website
OI000182,O00109,P010,1,399,0,399.0,Vitamin B5 Moisturizer,Moisturizer,All Skin Types,399,162,237,59.4,399.0,162,237.0,59.4,Delivered,2024-08-18,Website
OI000183,O00110,P006,1,599,10,539.1,Hyaluronic Acid 2% Serum,Serum,Dry / Dehydrated,599,258,341,56.93,539.1,258,281.1,52.14,Delivered,2025-04-19,Mobile App
OI000184,O00111,P010,1,399,10,359.1,Vitamin B5 Moisturizer,Moisturizer,All Skin Types,399,162,237,59.4,359.1,162,197.10000000000002,54.89,Delivered,2025-01-25,Website
OI000185,O00111,P018,1,349,10,314.1,Glycolic Acid Face Cleanser,Cleanser,Normal / Oily,349,143,206,59.03,314.1,143,171.10000000000002,54.47,Delivered,2025-01-25,Website
OI000186,O00112,P007,1,699,0,699.0,AHA BHA 10% Exfoliating Serum,Serum,Oily / Combination,699,322,377,53.93,699.0,322,377.0,53.93,Delivered,2025-10-15,Website
OI000187,O00113,P006,3,599,10,1617.3,Hyaluronic Acid 2% Serum,Serum,Dry / Dehydrated,599,258,341,56.93,1617.3,774,843.3,52.14,Delivered,2025-10-10,Mobile App
OI000188,O00114,P027,1,399,0,399.0,Body Wash with Salicylic Acid,Body Care,Oily / Acne-Prone,399,159,240,60.15,399.0,159,240.0,60.15,Delivered,2025-01-15,Mobile App
OI000191,O00116,P008,1,799,5,759.05,Granactive Retinoid 2% Serum,Serum,Normal / Mature,799,358,441,55.19,759.05,358,401.04999999999995,52.84,Delivered,2025-12-24,Website
OI000192,O00117,P015,1,449,0,449.0,Aqualogica Lightweight Sunscreen,Sunscreen,Oily / Combination,449,192,257,57.24,449.0,192,257.0,57.24,Delivered,2024-10-29,Website
OI000193,O00118,P007,1,699,5,664.05,AHA BHA 10% Exfoliating Serum,Serum,Oily / Combination,699,322,377,53.93,664.05,322,342.04999999999995,51.51,Delivered,2025-07-05,Mobile App
OI000194,O00119,P012,1,449,5,426.55,Marula Oil 5% Moisturizer,Moisturizer,Dry,449,197,252,56.12,426.55,197,229.55,53.82,Delivered,2024-04-19,Mobile App
OI000195,O00119,P017,1,299,0,299.0,Oat Extract Gentle Cleanser,Cleanser,Sensitive / Dry,299,121,178,59.53,299.0,121,178.0,59.53,Delivered,2024-04-19,Mobile App
OI000198,O00121,P004,1,649,0,649.0,Alpha Arbutin 2% Serum,Serum,All Skin Types,649,292,357,55.01,649.0,292,357.0,55.01,Delivered,2024-08-24,Website
OI000199,O00121,P018,1,349,5,331.55,Glycolic Acid Face Cleanser,Cleanser,Normal / Oily,349,143,206,59.03,331.55,143,188.55,56.87,Delivered,2024-08-24,Website
OI000200,O00122,P010,1,399,5,379.05,Vitamin B5 Moisturizer,Moisturizer,All Skin Types,399,162,237,59.4,379.05,162,217.05,57.26,Delivered,2024-10-30,Website
OI000201,O00122,P009,1,349,5,331.55,Ceramide Moisturizer,Moisturizer,Dry / Sensitive,349,145,204,58.45,331.55,145,186.55,56.27,Delivered,2024-10-30,Website
OI000202,O00122,P008,1,799,10,719.1,Granactive Retinoid 2% Serum,Serum,Normal / Mature,799,358,441,55.19,719.1,358,361.1,50.22,Delivered,2024-10-30,Website
OI000203,O00122,P028,1,249,5,236.55,Lip Balm SPF 30,Lip Care,All Skin Types,249,92,157,63.05,236.55,92,144.55,61.11,Delivered,2024-10-30,Website
OI000204,O00123,P014,1,499,5,474.05,SPF 60 PA++++ Sunscreen,Sunscreen,All Skin Types,499,211,288,57.72,474.05,211,263.05,55.49,Delivered,2025-01-03,Mobile App
OI000205,O00123,P012,2,449,0,898.0,Marula Oil 5% Moisturizer,Moisturizer,Dry,449,197,252,56.12,898.0,394,504.0,56.12,Delivered,2025-01-03,Mobile App
OI000206,O00123,P028,2,249,15,423.3,Lip Balm SPF 30,Lip Care,All Skin Types,249,92,157,63.05,423.3,184,239.3,56.53,Delivered,2025-01-03,Mobile App
OI000207,O00123,P007,1,699,10,629.1,AHA BHA 10% Exfoliating Serum,Serum,Oily / Combination,699,322,377,53.93,629.1,322,307.1,48.82,Delivered,2025-01-03,Mobile App
OI000208,O00124,P021,1,399,5,379.05,Caffeine Under Eye Cream,Eye Care,All Skin Types,399,157,242,60.65,379.05,157,222.05,58.58,Delivered,2024-11-07,Mobile App
OI000209,O00125,P021,1,399,15,339.15,Caffeine Under Eye Cream,Eye Care,All Skin Types,399,157,242,60.65,339.15,157,182.14999999999998,53.71,Delivered,2025-10-24,Mobile App
OI000210,O00126,P019,1,399,5,379.05,PHA 3% Alcohol-Free Toner,Toner,Sensitive,399,166,233,58.4,379.05,166,213.05,56.21,Delivered,2024-05-03,Mobile App
OI000211,O00127,P018,2,349,0,698.0,Glycolic Acid Face Cleanser,Cleanser,Normal / Oily,349,143,206,59.03,698.0,286,412.0,59.03,Delivered,2025-05-29,Marketplace
OI000212,O00127,P014,1,499,10,449.1,SPF 60 PA++++ Sunscreen,Sunscreen,All Skin Types,499,211,288,57.72,449.1,211,238.10000000000002,53.02,Delivered,2025-05-29,Marketplace
OI000213,O00127,P002,1,599,10,539.1,10% Niacinamide Face Serum,Serum,Oily / Combination,599,265,334,55.76,539.1,265,274.1,50.84,Delivered,2025-05-29,Marketplace
OI000214,O00127,P010,1,399,5,379.05,Vitamin B5 Moisturizer,Moisturizer,All Skin Types,399,162,237,59.4,379.05,162,217.05,57.26,Delivered,2025-05-29,Marketplace
OI000215,O00128,P028,1,249,5,236.55,Lip Balm SPF 30,Lip Care,All Skin Types,249,92,157,63.05,236.55,92,144.55,61.11,Delivered,2024-05-18,Mobile App
OI000216,O00128,P012,1,449,15,381.65,Marula Oil 5% Moisturizer,Moisturizer,Dry,449,197,252,56.12,381.65,197,184.64999999999998,48.38,Delivered,2024-05-18,Mobile App
OI000217,O00129,P028,1,249,25,186.75,Lip Balm SPF 30,Lip Care,All Skin Types,249,92,157,63.05,186.75,92,94.75,50.74,Delivered,2025-01-09,Website
OI000220,O00131,P004,1,649,15,551.65,Alpha Arbutin 2% Serum,Serum,All Skin Types,649,292,357,55.01,551.65,292,259.65,47.07,Delivered,2025-12-12,Mobile App
OI000221,O00132,P007,2,699,5,1328.1,AHA BHA 10% Exfoliating Serum,Serum,Oily / Combination,699,322,377,53.93,1328.1,644,684.0999999999999,51.51,Delivered,2025-10-19,Website
OI000222,O00133,P027,1,399,15,339.15,Body Wash with Salicylic Acid,Body Care,Oily / Acne-Prone,399,159,240,60.15,339.15,159,180.14999999999998,53.12,Delivered,2024-04-11,Website
OI000223,O00134,P006,1,599,15,509.15,Hyaluronic Acid 2% Serum,Serum,Dry / Dehydrated,599,258,341,56.93,509.15,258,251.14999999999998,49.33,Delivered,2025-05-16,Website
OI000224,O00134,P028,1,249,20,199.2,Lip Balm SPF 30,Lip Care,All Skin Types,249,92,157,63.05,199.2,92,107.19999999999999,53.82,Delivered,2025-05-16,Website
OI000225,O00135,P018,1,349,15,296.65,Glycolic Acid Face Cleanser,Cleanser,Normal / Oily,349,143,206,59.03,296.65,143,153.64999999999998,51.8,Delivered,2025-07-22,Website
OI000226,O00136,P021,2,399,5,758.1,Caffeine Under Eye Cream,Eye Care,All Skin Types,399,157,242,60.65,758.1,314,444.1,58.58,Delivered,2025-09-11,Website
OI000230,O00138,P004,1,649,0,649.0,Alpha Arbutin 2% Serum,Serum,All Skin Types,649,292,357,55.01,649.0,292,357.0,55.01,Delivered,2025-02-25,Mobile App
OI000231,O00138,P004,3,649,10,1752.3,Alpha Arbutin 2% Serum,Serum,All Skin Types,649,292,357,55.01,1752.3,876,876.3,50.01,Delivered,2025-02-25,Mobile App
OI000232,O00139,P023,1,499,10,449.1,Anti-Dandruff Shampoo,Hair Care,Scalp Care,499,221,278,55.71,449.1,221,228.10000000000002,50.79,Delivered,2024-08-25,Mobile App
OI000233,O00140,P010,1,399,25,299.25,Vitamin B5 Moisturizer,Moisturizer,All Skin Types,399,162,237,59.4,299.25,162,137.25,45.86,Delivered,2024-06-16,Website
OI000234,O00141,P001,1,549,5,521.55,2% Salicylic Acid Face Serum,Serum,Oily / Acne-Prone,549,247,302,55.01,521.55,247,274.54999999999995,52.64,Delivered,2025-09-23,Website
OI000235,O00142,P011,2,349,20,558.4,Sepicalm 3% Moisturizer,Moisturizer,Sensitive,349,148,201,57.59,558.4,296,262.4,46.99,Delivered,2025-08-31,Website
OI000236,O00143,P007,1,699,20,559.2,AHA BHA 10% Exfoliating Serum,Serum,Oily / Combination,699,322,377,53.93,559.2,322,237.20000000000005,42.42,Delivered,2025-10-07,Mobile App
OI000237,O00143,P004,1,649,20,519.2,Alpha Arbutin 2% Serum,Serum,All Skin Types,649,292,357,55.01,519.2,292,227.20000000000005,43.76,Delivered,2025-10-07,Mobile App
OI000238,O00144,P014,1,499,5,474.05,SPF 60 PA++++ Sunscreen,Sunscreen,All Skin Types,499,211,288,57.72,474.05,211,263.05,55.49,Delivered,2025-08-18,Website
OI000239,O00145,P028,1,249,10,224.1,Lip Balm SPF 30,Lip Care,All Skin Types,249,92,157,63.05,224.1,92,132.1,58.95,Delivered,2024-04-26,Mobile App
OI000240,O00145,P015,1,449,0,449.0,Aqualogica Lightweight Sunscreen,Sunscreen,Oily / Combination,449,192,257,57.24,449.0,192,257.0,57.24,Delivered,2024-04-26,Mobile App
OI000241,O00146,P019,1,399,10,359.1,PHA 3% Alcohol-Free Toner,Toner,Sensitive,399,166,233,58.4,359.1,166,193.10000000000002,53.77,Delivered,2024-06-15,Website
OI000242,O00147,P014,1,499,10,449.1,SPF 60 PA++++ Sunscreen,Sunscreen,All Skin Types,499,211,288,57.72,449.1,211,238.10000000000002,53.02,Delivered,2025-09-29,Website
OI000243,O00147,P012,1,449,10,404.1,Marula Oil 5% Moisturizer,Moisturizer,Dry,449,197,252,56.12,404.1,197,207.10000000000002,51.25,Delivered,2025-09-29,Website
OI000244,O00148,P022,2,499,0,998.0,Multi-Peptide Eye Cream,Eye Care,Mature / Dry,499,218,281,56.31,998.0,436,562.0,56.31,Delivered,2024-10-22,Mobile App
OI000245,O00148,P007,1,699,0,699.0,AHA BHA 10% Exfoliating Serum,Serum,Oily / Combination,699,322,377,53.93,699.0,322,377.0,53.93,Delivered,2024-10-22,Mobile App
OI000246,O00149,P026,1,449,5,426.55,Body Lotion with Niacinamide,Body Care,All Skin Types,449,182,267,59.47,426.55,182,244.55,57.33,Delivered,2025-12-17,Website
OI000247,O00149,P002,1,599,0,599.0,10% Niacinamide Face Serum,Serum,Oily / Combination,599,265,334,55.76,599.0,265,334.0,55.76,Delivered,2025-12-17,Website
OI000248,O00150,P002,1,599,25,449.25,10% Niacinamide Face Serum,Serum,Oily / Combination,599,265,334,55.76,449.25,265,184.25,41.01,Delivered,2025-10-19,Website
OI000250,O00152,P014,1,499,25,374.25,SPF 60 PA++++ Sunscreen,Sunscreen,All Skin Types,499,211,288,57.72,374.25,211,163.25,43.62,Delivered,2025-09-21,Website
OI000251,O00153,P008,2,799,5,1518.1,Granactive Retinoid 2% Serum,Serum,Normal / Mature,799,358,441,55.19,1518.1,716,802.0999999999999,52.84,Delivered,2024-04-30,Website
OI000252,O00154,P008,1,799,0,799.0,Granactive Retinoid 2% Serum,Serum,Normal / Mature,799,358,441,55.19,799.0,358,441.0,55.19,Delivered,2024-03-10,Website
OI000253,O00154,P018,1,349,5,331.55,Glycolic Acid Face Cleanser,Cleanser,Normal / Oily,349,143,206,59.03,331.55,143,188.55,56.87,Delivered,2024-03-10,Website
OI000254,O00155,P013,1,399,15,339.15,SPF 50 Sunscreen,Sunscreen,All Skin Types,399,168,231,57.89,339.15,168,171.14999999999998,50.46,Delivered,2025-04-30,Mobile App
OI000255,O00155,P008,2,799,5,1518.1,Granactive Retinoid 2% Serum,Serum,Normal / Mature,799,358,441,55.19,1518.1,716,802.0999999999999,52.84,Delivered,2025-04-30,Mobile App
OI000256,O00155,P020,1,349,5,331.55,Rose Water Hydrating Toner,Toner,All Skin Types,349,139,210,60.17,331.55,139,192.55,58.08,Delivered,2025-04-30,Mobile App
OI000257,O00156,P014,1,499,20,399.2,SPF 60 PA++++ Sunscreen,Sunscreen,All Skin Types,499,211,288,57.72,399.2,211,188.2,47.14,Delivered,2024-06-01,Mobile App
OI000258,O00156,P009,1,349,15,296.65,Ceramide Moisturizer,Moisturizer,Dry / Sensitive,349,145,204,58.45,296.65,145,151.64999999999998,51.12,Delivered,2024-06-01,Mobile App
OI000259,O00157,P001,1,549,0,549.0,2% Salicylic Acid Face Serum,Serum,Oily / Acne-Prone,549,247,302,55.01,549.0,247,302.0,55.01,Delivered,2025-04-07,Website
OI000262,O00159,P018,1,349,10,314.1,Glycolic Acid Face Cleanser,Cleanser,Normal / Oily,349,143,206,59.03,314.1,143,171.10000000000002,54.47,Delivered,2025-08-31,Website
OI000263,O00159,P001,1,549,5,521.55,2% Salicylic Acid Face Serum,Serum,Oily / Acne-Prone,549,247,302,55.01,521.55,247,274.54999999999995,52.64,Delivered,2025-08-31,Website
OI000264,O00160,P013,1,399,5,379.05,SPF 50 Sunscreen,Sunscreen,All Skin Types,399,168,231,57.89,379.05,168,211.05,55.68,Delivered,2025-03-27,Website
OI000265,O00160,P003,2,699,15,1188.3,Vitamin C 10% Face Serum,Serum,All Skin Types,699,315,384,54.94,1188.3,630,558.3,46.98,Delivered,2025-03-27,Website
OI000266,O00160,P013,1,399,0,399.0,SPF 50 Sunscreen,Sunscreen,All Skin Types,399,168,231,57.89,399.0,168,231.0,57.89,Delivered,2025-03-27,Website
OI000268,O00162,P002,1,599,0,599.0,10% Niacinamide Face Serum,Serum,Oily / Combination,599,265,334,55.76,599.0,265,334.0,55.76,Delivered,2025-11-17,Mobile App
OI000269,O00162,P021,1,399,10,359.1,Caffeine Under Eye Cream,Eye Care,All Skin Types,399,157,242,60.65,359.1,157,202.10000000000002,56.28,Delivered,2025-11-17,Mobile App
OI000272,O00164,P015,1,449,25,336.75,Aqualogica Lightweight Sunscreen,Sunscreen,Oily / Combination,449,192,257,57.24,336.75,192,144.75,42.98,Delivered,2025-07-23,Website
OI000273,O00165,P014,1,499,10,449.1,SPF 60 PA++++ Sunscreen,Sunscreen,All Skin Types,499,211,288,57.72,449.1,211,238.10000000000002,53.02,Delivered,2024-12-16,Website
OI000274,O00165,P012,2,449,0,898.0,Marula Oil 5% Moisturizer,Moisturizer,Dry,449,197,252,56.12,898.0,394,504.0,56.12,Delivered,2024-12-16,Website
OI000275,O00165,P014,2,499,0,998.0,SPF 60 PA++++ Sunscreen,Sunscreen,All Skin Types,499,211,288,57.72,998.0,422,576.0,57.72,Delivered,2024-12-16,Website
OI000276,O00166,P014,1,499,15,424.15,SPF 60 PA++++ Sunscreen,Sunscreen,All Skin Types,499,211,288,57.72,424.15,211,213.14999999999998,50.25,Delivered,2025-01-23,Website
OI000279,O00168,P002,1,599,15,509.15,10% Niacinamide Face Serum,Serum,Oily / Combination,599,265,334,55.76,509.15,265,244.14999999999998,47.95,Delivered,2025-06-06,Website
OI000280,O00169,P011,1,349,20,279.2,Sepicalm 3% Moisturizer,Moisturizer,Sensitive,349,148,201,57.59,279.2,148,131.2,46.99,Delivered,2025-10-02,Website
OI000281,O00169,P004,2,649,0,1298.0,Alpha Arbutin 2% Serum,Serum,All Skin Types,649,292,357,55.01,1298.0,584,714.0,55.01,Delivered,2025-10-02,Website
OI000282,O00170,P002,2,599,10,1078.2,10% Niacinamide Face Serum,Serum,Oily / Combination,599,265,334,55.76,1078.2,530,548.2,50.84,Delivered,2024-08-12,Website
OI000283,O00170,P015,1,449,0,449.0,Aqualogica Lightweight Sunscreen,Sunscreen,Oily / Combination,449,192,257,57.24,449.0,192,257.0,57.24,Delivered,2024-08-12,Website
OI000284,O00170,P010,1,399,10,359.1,Vitamin B5 Moisturizer,Moisturizer,All Skin Types,399,162,237,59.4,359.1,162,197.10000000000002,54.89,Delivered,2024-08-12,Website
OI000285,O00170,P011,1,349,5,331.55,Sepicalm 3% Moisturizer,Moisturizer,Sensitive,349,148,201,57.59,331.55,148,183.55,55.36,Delivered,2024-08-12,Website
OI000286,O00171,P009,3,349,10,942.3,Ceramide Moisturizer,Moisturizer,Dry / Sensitive,349,145,204,58.45,942.3,435,507.29999999999995,53.84,Delivered,2025-05-25,Website
OI000288,O00173,P002,1,599,15,509.15,10% Niacinamide Face Serum,Serum,Oily / Combination,599,265,334,55.76,509.15,265,244.14999999999998,47.95,Delivered,2025-11-10,Mobile App
OI000290,O00175,P018,1,349,10,314.1,Glycolic Acid Face Cleanser,Cleanser,Normal / Oily,349,143,206,59.03,314.1,143,171.10000000000002,54.47,Delivered,2024-03-03,Mobile App
OI000292,O00177,P008,2,799,0,1598.0,Granactive Retinoid 2% Serum,Serum,Normal / Mature,799,358,441,55.19,1598.0,716,882.0,55.19,Delivered,2024-06-28,Mobile App
OI000293,O00177,P002,1,599,25,449.25,10% Niacinamide Face Serum,Serum,Oily / Combination,599,265,334,55.76,449.25,265,184.25,41.01,Delivered,2024-06-28,Mobile App
OI000294,O00177,P004,1,649,5,616.55,Alpha Arbutin 2% Serum,Serum,All Skin Types,649,292,357,55.01,616.55,292,324.54999999999995,52.64,Delivered,2024-06-28,Mobile App
OI000295,O00178,P004,1,649,5,616.55,Alpha Arbutin 2% Serum,Serum,All Skin Types,649,292,357,55.01,616.55,292,324.54999999999995,52.64,Delivered,2025-08-14,Mobile App
OI000296,O00179,P007,2,699,5,1328.1,AHA BHA 10% Exfoliating Serum,Serum,Oily / Combination,699,322,377,53.93,1328.1,644,684.0999999999999,51.51,Delivered,2025-01-23,Website
OI000297,O00180,P006,2,599,5,1138.1,Hyaluronic Acid 2% Serum,Serum,Dry / Dehydrated,599,258,341,56.93,1138.1,516,622.0999999999999,54.66,Delivered,2025-08-20,Mobile App
OI000298,O00180,P006,1,599,10,539.1,Hyaluronic Acid 2% Serum,Serum,Dry / Dehydrated,599,258,341,56.93,539.1,258,281.1,52.14,Delivered,2025-08-20,Mobile App
OI000299,O00181,P012,1,449,5,426.55,Marula Oil 5% Moisturizer,Moisturizer,Dry,449,197,252,56.12,426.55,197,229.55,53.82,Delivered,2024-07-03,Website
OI000302,O00183,P015,1,449,20,359.2,Aqualogica Lightweight Sunscreen,Sunscreen,Oily / Combination,449,192,257,57.24,359.2,192,167.2,46.55,Delivered,2024-07-08,Website
OI000303,O00183,P025,1,599,5,569.05,Bond Repair Shampoo,Hair Care,Hair Care,599,266,333,55.59,569.05,266,303.04999999999995,53.26,Delivered,2024-07-08,Website
OI000304,O00183,P007,1,699,0,699.0,AHA BHA 10% Exfoliating Serum,Serum,Oily / Combination,699,322,377,53.93,699.0,322,377.0,53.93,Delivered,2024-07-08,Website
OI000307,O00185,P016,1,299,0,299.0,Salicylic Acid Face Cleanser,Cleanser,Oily / Acne-Prone,299,117,182,60.87,299.0,117,182.0,60.87,Delivered,2024-08-19,Website
OI000308,O00186,P022,2,499,15,848.3,Multi-Peptide Eye Cream,Eye Care,Mature / Dry,499,218,281,56.31,848.3,436,412.29999999999995,48.6,Delivered,2025-02-04,Website
OI000309,O00187,P009,1,349,15,296.65,Ceramide Moisturizer,Moisturizer,Dry / Sensitive,349,145,204,58.45,296.65,145,151.64999999999998,51.12,Delivered,2025-01-02,Marketplace
OI000310,O00187,P023,1,499,5,474.05,Anti-Dandruff Shampoo,Hair Care,Scalp Care,499,221,278,55.71,474.05,221,253.05,53.38,Delivered,2025-01-02,Marketplace
OI000311,O00188,P012,1,449,0,449.0,Marula Oil 5% Moisturizer,Moisturizer,Dry,449,197,252,56.12,449.0,197,252.0,56.12,Delivered,2025-01-28,Website
OI000312,O00188,P024,1,799,0,799.0,Hair Growth Actives Serum,Hair Care,Scalp Care,799,372,427,53.44,799.0,372,427.0,53.44,Delivered,2025-01-28,Website
OI000314,O00190,P004,1,649,0,649.0,Alpha Arbutin 2% Serum,Serum,All Skin Types,649,292,357,55.01,649.0,292,357.0,55.01,Delivered,2024-08-04,Mobile App
OI000315,O00190,P014,1,499,10,449.1,SPF 60 PA++++ Sunscreen,Sunscreen,All Skin Types,499,211,288,57.72,449.1,211,238.10000000000002,53.02,Delivered,2024-08-04,Mobile App
OI000316,O00190,P026,2,449,0,898.0,Body Lotion with Niacinamide,Body Care,All Skin Types,449,182,267,59.47,898.0,364,534.0,59.47,Delivered,2024-08-04,Mobile App
OI000317,O00191,P012,2,449,5,853.1,Marula Oil 5% Moisturizer,Moisturizer,Dry,449,197,252,56.12,853.1,394,459.1,53.82,Delivered,2024-04-09,Mobile App
OI000318,O00192,P010,1,399,10,359.1,Vitamin B5 Moisturizer,Moisturizer,All Skin Types,399,162,237,59.4,359.1,162,197.10000000000002,54.89,Delivered,2024-10-22,Website
OI000319,O00193,P002,1,599,10,539.1,10% Niacinamide Face Serum,Serum,Oily / Combination,599,265,334,55.76,539.1,265,274.1,50.84,Delivered,2024-04-12,Website
OI000320,O00193,P001,1,549,15,466.65,2% Salicylic Acid Face Serum,Serum,Oily / Acne-Prone,549,247,302,55.01,466.65,247,219.64999999999998,47.07,Delivered,2024-04-12,Website
OI000321,O00193,P026,2,449,10,808.2,Body Lotion with Niacinamide,Body Care,All Skin Types,449,182,267,59.47,808.2,364,444.20000000000005,54.96,Delivered,2024-04-12,Website
OI000322,O00194,P015,1,449,5,426.55,Aqualogica Lightweight Sunscreen,Sunscreen,Oily / Combination,449,192,257,57.24,426.55,192,234.55,54.99,Delivered,2024-06-27,Website
OI000323,O00194,P020,1,349,10,314.1,Rose Water Hydrating Toner,Toner,All Skin Types,349,139,210,60.17,314.1,139,175.10000000000002,55.75,Delivered,2024-06-27,Website
OI000324,O00194,P008,1,799,5,759.05,Granactive Retinoid 2% Serum,Serum,Normal / Mature,799,358,441,55.19,759.05,358,401.04999999999995,52.84,Delivered,2024-06-27,Website
OI000325,O00195,P016,1,299,0,299.0,Salicylic Acid Face Cleanser,Cleanser,Oily / Acne-Prone,299,117,182,60.87,299.0,117,182.0,60.87,Delivered,2025-04-20,Website
OI000326,O00195,P027,1,399,0,399.0,Body Wash with Salicylic Acid,Body Care,Oily / Acne-Prone,399,159,240,60.15,399.0,159,240.0,60.15,Delivered,2025-04-20,Website
OI000328,O00197,P005,1,699,10,629.1,Retinol 0.3% Face Serum,Serum,Normal / Dry,699,318,381,54.51,629.1,318,311.1,49.45,Delivered,2024-04-22,Mobile App
OI000329,O00198,P005,1,699,20,559.2,Retinol 0.3% Face Serum,Serum,Normal / Dry,699,318,381,54.51,559.2,318,241.20000000000005,43.13,Delivered,2024-07-01,Mobile App
OI000330,O00198,P003,1,699,0,699.0,Vitamin C 10% Face Serum,Serum,All Skin Types,699,315,384,54.94,699.0,315,384.0,54.94,Delivered,2024-07-01,Mobile App
OI000331,O00198,P016,1,299,20,239.2,Salicylic Acid Face Cleanser,Cleanser,Oily / Acne-Prone,299,117,182,60.87,239.2,117,122.19999999999999,51.09,Delivered,2024-07-01,Mobile App
OI000332,O00198,P002,1,599,15,509.15,10% Niacinamide Face Serum,Serum,Oily / Combination,599,265,334,55.76,509.15,265,244.14999999999998,47.95,Delivered,2024-07-01,Mobile App
OI000334,O00200,P025,1,599,10,539.1,Bond Repair Shampoo,Hair Care,Hair Care,599,266,333,55.59,539.1,266,273.1,50.66,Delivered,2024-01-15,Website
OI000335,O00200,P014,1,499,25,374.25,SPF 60 PA++++ Sunscreen,Sunscreen,All Skin Types,499,211,288,57.72,374.25,211,163.25,43.62,Delivered,2024-01-15,Website
OI000336,O00201,P006,1,599,0,599.0,Hyaluronic Acid 2% Serum,Serum,Dry / Dehydrated,599,258,341,56.93,599.0,258,341.0,56.93,Delivered,2025-08-16,Mobile App
OI000337,O00202,P001,1,549,20,439.2,2% Salicylic Acid Face Serum,Serum,Oily / Acne-Prone,549,247,302,55.01,439.2,247,192.2,43.76,Delivered,2024-01-17,Mobile App
OI000338,O00202,P011,1,349,15,296.65,Sepicalm 3% Moisturizer,Moisturizer,Sensitive,349,148,201,57.59,296.65,148,148.64999999999998,50.11,Delivered,2024-01-17,Mobile App
OI000339,O00203,P010,1,399,20,319.2,Vitamin B5 Moisturizer,Moisturizer,All Skin Types,399,162,237,59.4,319.2,162,157.2,49.25,Delivered,2024-01-02,Website
OI000341,O00205,P016,1,299,0,299.0,Salicylic Acid Face Cleanser,Cleanser,Oily / Acne-Prone,299,117,182,60.87,299.0,117,182.0,60.87,Delivered,2025-12-20,Website
OI000342,O00206,P009,1,349,15,296.65,Ceramide Moisturizer,Moisturizer,Dry / Sensitive,349,145,204,58.45,296.65,145,151.64999999999998,51.12,Delivered,2024-05-05,Mobile App
OI000343,O00207,P003,1,699,0,699.0,Vitamin C 10% Face Serum,Serum,All Skin Types,699,315,384,54.94,699.0,315,384.0,54.94,Delivered,2024-03-23,Website
OI000344,O00208,P018,1,349,0,349.0,Glycolic Acid Face Cleanser,Cleanser,Normal / Oily,349,143,206,59.03,349.0,143,206.0,59.03,Delivered,2024-10-27,Website
OI000345,O00209,P011,1,349,20,279.2,Sepicalm 3% Moisturizer,Moisturizer,Sensitive,349,148,201,57.59,279.2,148,131.2,46.99,Delivered,2025-10-23,Website
OI000349,O00213,P025,3,599,15,1527.45,Bond Repair Shampoo,Hair Care,Hair Care,599,266,333,55.59,1527.45,798,729.45,47.76,Delivered,2024-01-05,Mobile App
OI000351,O00215,P008,1,799,20,639.2,Granactive Retinoid 2% Serum,Serum,Normal / Mature,799,358,441,55.19,639.2,358,281.20000000000005,43.99,Delivered,2025-01-31,Website
OI000352,O00216,P024,1,799,5,759.05,Hair Growth Actives Serum,Hair Care,Scalp Care,799,372,427,53.44,759.05,372,387.04999999999995,50.99,Delivered,2024-10-18,Mobile App
OI000353,O00217,P008,2,799,10,1438.2,Granactive Retinoid 2% Serum,Serum,Normal / Mature,799,358,441,55.19,1438.2,716,722.2,50.22,Delivered,2025-08-24,Marketplace
OI000355,O00219,P007,2,699,10,1258.2,AHA BHA 10% Exfoliating Serum,Serum,Oily / Combination,699,322,377,53.93,1258.2,644,614.2,48.82,Delivered,2024-09-25,Website
OI000356,O00219,P004,1,649,15,551.65,Alpha Arbutin 2% Serum,Serum,All Skin Types,649,292,357,55.01,551.65,292,259.65,47.07,Delivered,2024-09-25,Website
OI000357,O00220,P017,1,299,10,269.1,Oat Extract Gentle Cleanser,Cleanser,Sensitive / Dry,299,121,178,59.53,269.1,121,148.10000000000002,55.04,Delivered,2025-01-05,Mobile App
OI000358,O00221,P007,1,699,20,559.2,AHA BHA 10% Exfoliating Serum,Serum,Oily / Combination,699,322,377,53.93,559.2,322,237.20000000000005,42.42,Delivered,2024-10-22,Marketplace
OI000359,O00222,P021,1,399,5,379.05,Caffeine Under Eye Cream,Eye Care,All Skin Types,399,157,242,60.65,379.05,157,222.05,58.58,Delivered,2024-04-06,Website
OI000360,O00222,P006,1,599,5,569.05,Hyaluronic Acid 2% Serum,Serum,Dry / Dehydrated,599,258,341,56.93,569.05,258,311.04999999999995,54.66,Delivered,2024-04-06,Website
OI000361,O00223,P020,1,349,25,261.75,Rose Water Hydrating Toner,Toner,All Skin Types,349,139,210,60.17,261.75,139,122.75,46.9,Delivered,2024-12-14,Website
OI000362,O00223,P013,2,399,15,678.3,SPF 50 Sunscreen,Sunscreen,All Skin Types,399,168,231,57.89,678.3,336,342.29999999999995,50.46,Delivered,2024-12-14,Website
OI000363,O00224,P016,1,299,10,269.1,Salicylic Acid Face Cleanser,Cleanser,Oily / Acne-Prone,299,117,182,60.87,269.1,117,152.10000000000002,56.52,Delivered,2025-04-16,Website
OI000364,O00225,P016,1,299,25,224.25,Salicylic Acid Face Cleanser,Cleanser,Oily / Acne-Prone,299,117,182,60.87,224.25,117,107.25,47.83,Delivered,2025-12-27,Website
OI000365,O00225,P007,1,699,15,594.15,AHA BHA 10% Exfoliating Serum,Serum,Oily / Combination,699,322,377,53.93,594.15,322,272.15,45.8,Delivered,2025-12-27,Website
OI000366,O00226,P007,1,699,0,699.0,AHA BHA 10% Exfoliating Serum,Serum,Oily / Combination,699,322,377,53.93,699.0,322,377.0,53.93,Delivered,2025-10-23,Marketplace
OI000367,O00227,P027,1,399,15,339.15,Body Wash with Salicylic Acid,Body Care,Oily / Acne-Prone,399,159,240,60.15,339.15,159,180.14999999999998,53.12,Delivered,2024-07-23,Mobile App
OI000368,O00227,P008,1,799,10,719.1,Granactive Retinoid 2% Serum,Serum,Normal / Mature,799,358,441,55.19,719.1,358,361.1,50.22,Delivered,2024-07-23,Mobile App
OI000369,O00227,P004,1,649,10,584.1,Alpha Arbutin 2% Serum,Serum,All Skin Types,649,292,357,55.01,584.1,292,292.1,50.01,Delivered,2024-07-23,Mobile App
OI000371,O00229,P009,1,349,15,296.65,Ceramide Moisturizer,Moisturizer,Dry / Sensitive,349,145,204,58.45,296.65,145,151.64999999999998,51.12,Delivered,2024-04-25,Website
OI000372,O00230,P025,1,599,0,599.0,Bond Repair Shampoo,Hair Care,Hair Care,599,266,333,55.59,599.0,266,333.0,55.59,Delivered,2025-03-30,Website
OI000373,O00230,P021,1,399,15,339.15,Caffeine Under Eye Cream,Eye Care,All Skin Types,399,157,242,60.65,339.15,157,182.14999999999998,53.71,Delivered,2025-03-30,Website
OI000374,O00230,P026,1,449,10,404.1,Body Lotion with Niacinamide,Body Care,All Skin Types,449,182,267,59.47,404.1,182,222.10000000000002,54.96,Delivered,2025-03-30,Website
OI000375,O00231,P010,1,399,15,339.15,Vitamin B5 Moisturizer,Moisturizer,All Skin Types,399,162,237,59.4,339.15,162,177.14999999999998,52.23,Delivered,2024-10-27,Website
OI000376,O00232,P012,1,449,5,426.55,Marula Oil 5% Moisturizer,Moisturizer,Dry,449,197,252,56.12,426.55,197,229.55,53.82,Delivered,2025-10-21,Marketplace
OI000377,O00232,P004,2,649,0,1298.0,Alpha Arbutin 2% Serum,Serum,All Skin Types,649,292,357,55.01,1298.0,584,714.0,55.01,Delivered,2025-10-21,Marketplace
OI000378,O00232,P011,1,349,15,296.65,Sepicalm 3% Moisturizer,Moisturizer,Sensitive,349,148,201,57.59,296.65,148,148.64999999999998,50.11,Delivered,2025-10-21,Marketplace
OI000379,O00232,P003,1,699,0,699.0,Vitamin C 10% Face Serum,Serum,All Skin Types,699,315,384,54.94,699.0,315,384.0,54.94,Delivered,2025-10-21,Marketplace
OI000380,O00233,P012,1,449,5,426.55,Marula Oil 5% Moisturizer,Moisturizer,Dry,449,197,252,56.12,426.55,197,229.55,53.82,Delivered,2024-06-05,Mobile App
OI000381,O00234,P008,1,799,10,719.1,Granactive Retinoid 2% Serum,Serum,Normal / Mature,799,358,441,55.19,719.1,358,361.1,50.22,Delivered,2024-01-19,Marketplace
OI000382,O00235,P019,1,399,10,359.1,PHA 3% Alcohol-Free Toner,Toner,Sensitive,399,166,233,58.4,359.1,166,193.10000000000002,53.77,Delivered,2024-11-06,Website
OI000383,O00236,P015,1,449,0,449.0,Aqualogica Lightweight Sunscreen,Sunscreen,Oily / Combination,449,192,257,57.24,449.0,192,257.0,57.24,Delivered,2025-07-29,Website
OI000384,O00236,P009,2,349,5,663.1,Ceramide Moisturizer,Moisturizer,Dry / Sensitive,349,145,204,58.45,663.1,290,373.1,56.27,Delivered,2025-07-29,Website
OI000385,O00236,P028,1,249,0,249.0,Lip Balm SPF 30,Lip Care,All Skin Types,249,92,157,63.05,249.0,92,157.0,63.05,Delivered,2025-07-29,Website
OI000386,O00236,P008,2,799,5,1518.1,Granactive Retinoid 2% Serum,Serum,Normal / Mature,799,358,441,55.19,1518.1,716,802.0999999999999,52.84,Delivered,2025-07-29,Website
OI000387,O00237,P007,1,699,0,699.0,AHA BHA 10% Exfoliating Serum,Serum,Oily / Combination,699,322,377,53.93,699.0,322,377.0,53.93,Delivered,2024-09-07,Marketplace
OI000390,O00239,P015,1,449,10,404.1,Aqualogica Lightweight Sunscreen,Sunscreen,Oily / Combination,449,192,257,57.24,404.1,192,212.10000000000002,52.49,Delivered,2025-07-02,Mobile App
OI000391,O00239,P027,1,399,5,379.05,Body Wash with Salicylic Acid,Body Care,Oily / Acne-Prone,399,159,240,60.15,379.05,159,220.05,58.05,Delivered,2025-07-02,Mobile App
OI000392,O00240,P016,1,299,5,284.05,Salicylic Acid Face Cleanser,Cleanser,Oily / Acne-Prone,299,117,182,60.87,284.05,117,167.05,58.81,Delivered,2024-08-02,Website
OI000393,O00241,P011,1,349,10,314.1,Sepicalm 3% Moisturizer,Moisturizer,Sensitive,349,148,201,57.59,314.1,148,166.10000000000002,52.88,Delivered,2025-06-12,Marketplace
OI000394,O00241,P026,1,449,5,426.55,Body Lotion with Niacinamide,Body Care,All Skin Types,449,182,267,59.47,426.55,182,244.55,57.33,Delivered,2025-06-12,Marketplace
OI000395,O00242,P010,1,399,15,339.15,Vitamin B5 Moisturizer,Moisturizer,All Skin Types,399,162,237,59.4,339.15,162,177.14999999999998,52.23,Delivered,2024-07-24,Mobile App
OI000396,O00243,P005,1,699,15,594.15,Retinol 0.3% Face Serum,Serum,Normal / Dry,699,318,381,54.51,594.15,318,276.15,46.48,Delivered,2024-10-20,Website
OI000397,O00244,P007,1,699,0,699.0,AHA BHA 10% Exfoliating Serum,Serum,Oily / Combination,699,322,377,53.93,699.0,322,377.0,53.93,Delivered,2025-10-24,Website
OI000398,O00244,P013,1,399,15,339.15,SPF 50 Sunscreen,Sunscreen,All Skin Types,399,168,231,57.89,339.15,168,171.14999999999998,50.46,Delivered,2025-10-24,Website
OI000399,O00245,P024,2,799,15,1358.3,Hair Growth Actives Serum,Hair Care,Scalp Care,799,372,427,53.44,1358.3,744,614.3,45.23,Delivered,2025-09-08,Mobile App
OI000400,O00245,P009,1,349,10,314.1,Ceramide Moisturizer,Moisturizer,Dry / Sensitive,349,145,204,58.45,314.1,145,169.10000000000002,53.84,Delivered,2025-09-08,Mobile App
OI000403,O00247,P006,1,599,15,509.15,Hyaluronic Acid 2% Serum,Serum,Dry / Dehydrated,599,258,341,56.93,509.15,258,251.14999999999998,49.33,Delivered,2025-08-15,Website
OI000406,O00249,P006,1,599,20,479.2,Hyaluronic Acid 2% Serum,Serum,Dry / Dehydrated,599,258,341,56.93,479.2,258,221.2,46.16,Delivered,2024-10-29,Website
OI000407,O00249,P002,2,599,10,1078.2,10% Niacinamide Face Serum,Serum,Oily / Combination,599,265,334,55.76,1078.2,530,548.2,50.84,Delivered,2024-10-29,Website
OI000408,O00249,P021,2,399,15,678.3,Caffeine Under Eye Cream,Eye Care,All Skin Types,399,157,242,60.65,678.3,314,364.29999999999995,53.71,Delivered,2024-10-29,Website
OI000409,O00249,P006,1,599,0,599.0,Hyaluronic Acid 2% Serum,Serum,Dry / Dehydrated,599,258,341,56.93,599.0,258,341.0,56.93,Delivered,2024-10-29,Website
OI000410,O00250,P021,1,399,5,379.05,Caffeine Under Eye Cream,Eye Care,All Skin Types,399,157,242,60.65,379.05,157,222.05,58.58,Delivered,2025-05-18,Mobile App
OI000411,O00250,P022,1,499,15,424.15,Multi-Peptide Eye Cream,Eye Care,Mature / Dry,499,218,281,56.31,424.15,218,206.14999999999998,48.6,Delivered,2025-05-18,Mobile App
OI000412,O00250,P017,1,299,10,269.1,Oat Extract Gentle Cleanser,Cleanser,Sensitive / Dry,299,121,178,59.53,269.1,121,148.10000000000002,55.04,Delivered,2025-05-18,Mobile App
OI000413,O00251,P012,3,449,15,1144.95,Marula Oil 5% Moisturizer,Moisturizer,Dry,449,197,252,56.12,1144.95,591,553.95,48.38,Delivered,2025-01-24,Website
OI000414,O00252,P016,2,299,15,508.3,Salicylic Acid Face Cleanser,Cleanser,Oily / Acne-Prone,299,117,182,60.87,508.3,234,274.3,53.96,Delivered,2025-02-24,Mobile App
OI000418,O00254,P021,1,399,5,379.05,Caffeine Under Eye Cream,Eye Care,All Skin Types,399,157,242,60.65,379.05,157,222.05,58.58,Delivered,2025-04-09,Website
OI000419,O00254,P006,1,599,5,569.05,Hyaluronic Acid 2% Serum,Serum,Dry / Dehydrated,599,258,341,56.93,569.05,258,311.04999999999995,54.66,Delivered,2025-04-09,Website
OI000420,O00254,P018,2,349,15,593.3,Glycolic Acid Face Cleanser,Cleanser,Normal / Oily,349,143,206,59.03,593.3,286,307.29999999999995,51.8,Delivered,2025-04-09,Website
OI000421,O00255,P011,2,349,25,523.5,Sepicalm 3% Moisturizer,Moisturizer,Sensitive,349,148,201,57.59,523.5,296,227.5,43.46,Delivered,2025-09-24,Mobile App
OI000422,O00256,P006,2,599,25,898.5,Hyaluronic Acid 2% Serum,Serum,Dry / Dehydrated,599,258,341,56.93,898.5,516,382.5,42.57,Delivered,2025-03-09,Website
OI000423,O00257,P009,1,349,25,261.75,Ceramide Moisturizer,Moisturizer,Dry / Sensitive,349,145,204,58.45,261.75,145,116.75,44.6,Delivered,2025-12-27,Mobile App
OI000424,O00258,P012,1,449,20,359.2,Marula Oil 5% Moisturizer,Moisturizer,Dry,449,197,252,56.12,359.2,197,162.2,45.16,Delivered,2024-11-13,Website
OI000425,O00258,P028,1,249,15,211.65,Lip Balm SPF 30,Lip Care,All Skin Types,249,92,157,63.05,211.65,92,119.65,56.53,Delivered,2024-11-13,Website
OI000426,O00258,P007,2,699,10,1258.2,AHA BHA 10% Exfoliating Serum,Serum,Oily / Combination,699,322,377,53.93,1258.2,644,614.2,48.82,Delivered,2024-11-13,Website
OI000427,O00258,P009,1,349,0,349.0,Ceramide Moisturizer,Moisturizer,Dry / Sensitive,349,145,204,58.45,349.0,145,204.0,58.45,Delivered,2024-11-13,Website
OI000431,O00261,P028,1,249,5,236.55,Lip Balm SPF 30,Lip Care,All Skin Types,249,92,157,63.05,236.55,92,144.55,61.11,Delivered,2024-03-19,Website
OI000432,O00262,P015,1,449,20,359.2,Aqualogica Lightweight Sunscreen,Sunscreen,Oily / Combination,449,192,257,57.24,359.2,192,167.2,46.55,Delivered,2025-04-09,Website
OI000433,O00263,P013,1,399,5,379.05,SPF 50 Sunscreen,Sunscreen,All Skin Types,399,168,231,57.89,379.05,168,211.05,55.68,Delivered,2024-08-04,Mobile App
OI000434,O00263,P014,1,499,15,424.15,SPF 60 PA++++ Sunscreen,Sunscreen,All Skin Types,499,211,288,57.72,424.15,211,213.14999999999998,50.25,Delivered,2024-08-04,Mobile App
OI000435,O00264,P021,1,399,15,339.15,Caffeine Under Eye Cream,Eye Care,All Skin Types,399,157,242,60.65,339.15,157,182.14999999999998,53.71,Delivered,2025-10-24,Website
OI000436,O00265,P015,1,449,0,449.0,Aqualogica Lightweight Sunscreen,Sunscreen,Oily / Combination,449,192,257,57.24,449.0,192,257.0,57.24,Delivered,2025-02-01,Mobile App
OI000437,O00265,P010,1,399,10,359.1,Vitamin B5 Moisturizer,Moisturizer,All Skin Types,399,162,237,59.4,359.1,162,197.10000000000002,54.89,Delivered,2025-02-01,Mobile App
OI000438,O00266,P021,1,399,25,299.25,Caffeine Under Eye Cream,Eye Care,All Skin Types,399,157,242,60.65,299.25,157,142.25,47.54,Delivered,2025-05-22,Website
OI000439,O00267,P010,1,399,10,359.1,Vitamin B5 Moisturizer,Moisturizer,All Skin Types,399,162,237,59.4,359.1,162,197.10000000000002,54.89,Delivered,2025-03-13,Website
OI000440,O00268,P017,1,299,15,254.15,Oat Extract Gentle Cleanser,Cleanser,Sensitive / Dry,299,121,178,59.53,254.15,121,133.15,52.39,Delivered,2025-11-08,Website
OI000441,O00269,P010,1,399,0,399.0,Vitamin B5 Moisturizer,Moisturizer,All Skin Types,399,162,237,59.4,399.0,162,237.0,59.4,Delivered,2024-07-10,Website
OI000442,O00269,P001,1,549,10,494.1,2% Salicylic Acid Face Serum,Serum,Oily / Acne-Prone,549,247,302,55.01,494.1,247,247.10000000000002,50.01,Delivered,2024-07-10,Website
OI000443,O00270,P027,2,399,0,798.0,Body Wash with Salicylic Acid,Body Care,Oily / Acne-Prone,399,159,240,60.15,798.0,318,480.0,60.15,Delivered,2025-09-08,Mobile App
OI000444,O00270,P016,1,299,0,299.0,Salicylic Acid Face Cleanser,Cleanser,Oily / Acne-Prone,299,117,182,60.87,299.0,117,182.0,60.87,Delivered,2025-09-08,Mobile App
OI000445,O00271,P020,1,349,10,314.1,Rose Water Hydrating Toner,Toner,All Skin Types,349,139,210,60.17,314.1,139,175.10000000000002,55.75,Delivered,2024-01-28,Website
OI000446,O00271,P004,1,649,0,649.0,Alpha Arbutin 2% Serum,Serum,All Skin Types,649,292,357,55.01,649.0,292,357.0,55.01,Delivered,2024-01-28,Website
OI000447,O00272,P001,1,549,15,466.65,2% Salicylic Acid Face Serum,Serum,Oily / Acne-Prone,549,247,302,55.01,466.65,247,219.64999999999998,47.07,Delivered,2025-04-05,Mobile App
OI000448,O00273,P026,2,449,5,853.1,Body Lotion with Niacinamide,Body Care,All Skin Types,449,182,267,59.47,853.1,364,489.1,57.33,Delivered,2025-07-21,Website
OI000449,O00273,P025,1,599,0,599.0,Bond Repair Shampoo,Hair Care,Hair Care,599,266,333,55.59,599.0,266,333.0,55.59,Delivered,2025-07-21,Website
OI000450,O00274,P017,1,299,5,284.05,Oat Extract Gentle Cleanser,Cleanser,Sensitive / Dry,299,121,178,59.53,284.05,121,163.05,57.4,Delivered,2025-10-25,Marketplace
OI000451,O00275,P009,2,349,10,628.2,Ceramide Moisturizer,Moisturizer,Dry / Sensitive,349,145,204,58.45,628.2,290,338.20000000000005,53.84,Delivered,2025-09-08,Mobile App
OI000452,O00275,P010,1,399,10,359.1,Vitamin B5 Moisturizer,Moisturizer,All Skin Types,399,162,237,59.4,359.1,162,197.10000000000002,54.89,Delivered,2025-09-08,Mobile App
OI000453,O00276,P007,2,699,5,1328.1,AHA BHA 10% Exfoliating Serum,Serum,Oily / Combination,699,322,377,53.93,1328.1,644,684.0999999999999,51.51,Delivered,2024-10-24,Website
OI000454,O00276,P005,1,699,15,594.15,Retinol 0.3% Face Serum,Serum,Normal / Dry,699,318,381,54.51,594.15,318,276.15,46.48,Delivered,2024-10-24,Website
OI000455,O00276,P002,2,599,0,1198.0,10% Niacinamide Face Serum,Serum,Oily / Combination,599,265,334,55.76,1198.0,530,668.0,55.76,Delivered,2024-10-24,Website
OI000456,O00276,P001,1,549,5,521.55,2% Salicylic Acid Face Serum,Serum,Oily / Acne-Prone,549,247,302,55.01,521.55,247,274.54999999999995,52.64,Delivered,2024-10-24,Website
OI000457,O00277,P024,1,799,20,639.2,Hair Growth Actives Serum,Hair Care,Scalp Care,799,372,427,53.44,639.2,372,267.20000000000005,41.8,Delivered,2024-12-29,Mobile App
OI000458,O00277,P014,2,499,25,748.5,SPF 60 PA++++ Sunscreen,Sunscreen,All Skin Types,499,211,288,57.72,748.5,422,326.5,43.62,Delivered,2024-12-29,Mobile App
OI000459,O00277,P003,1,699,25,524.25,Vitamin C 10% Face Serum,Serum,All Skin Types,699,315,384,54.94,524.25,315,209.25,39.91,Delivered,2024-12-29,Mobile App
OI000460,O00278,P025,1,599,10,539.1,Bond Repair Shampoo,Hair Care,Hair Care,599,266,333,55.59,539.1,266,273.1,50.66,Delivered,2024-04-14,Mobile App
OI000461,O00278,P004,1,649,0,649.0,Alpha Arbutin 2% Serum,Serum,All Skin Types,649,292,357,55.01,649.0,292,357.0,55.01,Delivered,2024-04-14,Mobile App
OI000462,O00278,P007,1,699,5,664.05,AHA BHA 10% Exfoliating Serum,Serum,Oily / Combination,699,322,377,53.93,664.05,322,342.04999999999995,51.51,Delivered,2024-04-14,Mobile App
OI000463,O00279,P004,1,649,15,551.65,Alpha Arbutin 2% Serum,Serum,All Skin Types,649,292,357,55.01,551.65,292,259.65,47.07,Delivered,2025-03-01,Website
OI000464,O00280,P011,2,349,15,593.3,Sepicalm 3% Moisturizer,Moisturizer,Sensitive,349,148,201,57.59,593.3,296,297.29999999999995,50.11,Delivered,2025-06-26,Website
OI000467,O00282,P018,2,349,20,558.4,Glycolic Acid Face Cleanser,Cleanser,Normal / Oily,349,143,206,59.03,558.4,286,272.4,48.78,Delivered,2025-06-16,Mobile App
OI000468,O00282,P008,1,799,0,799.0,Granactive Retinoid 2% Serum,Serum,Normal / Mature,799,358,441,55.19,799.0,358,441.0,55.19,Delivered,2025-06-16,Mobile App
OI000469,O00282,P008,1,799,10,719.1,Granactive Retinoid 2% Serum,Serum,Normal / Mature,799,358,441,55.19,719.1,358,361.1,50.22,Delivered,2025-06-16,Mobile App
OI000470,O00283,P024,1,799,5,759.05,Hair Growth Actives Serum,Hair Care,Scalp Care,799,372,427,53.44,759.05,372,387.04999999999995,50.99,Delivered,2025-10-29,Mobile App
OI000471,O00283,P002,1,599,20,479.2,10% Niacinamide Face Serum,Serum,Oily / Combination,599,265,334,55.76,479.2,265,214.2,44.7,Delivered,2025-10-29,Mobile App
OI000472,O00284,P025,1,599,5,569.05,Bond Repair Shampoo,Hair Care,Hair Care,599,266,333,55.59,569.05,266,303.04999999999995,53.26,Delivered,2024-04-05,Mobile App
OI000473,O00285,P026,1,449,0,449.0,Body Lotion with Niacinamide,Body Care,All Skin Types,449,182,267,59.47,449.0,182,267.0,59.47,Delivered,2024-03-02,Website
OI000474,O00285,P011,1,349,5,331.55,Sepicalm 3% Moisturizer,Moisturizer,Sensitive,349,148,201,57.59,331.55,148,183.55,55.36,Delivered,2024-03-02,Website
OI000477,O00287,P010,1,399,5,379.05,Vitamin B5 Moisturizer,Moisturizer,All Skin Types,399,162,237,59.4,379.05,162,217.05,57.26,Delivered,2025-08-19,Website
OI000478,O00288,P010,2,399,10,718.2,Vitamin B5 Moisturizer,Moisturizer,All Skin Types,399,162,237,59.4,718.2,324,394.20000000000005,54.89,Delivered,2025-07-26,Website
OI000479,O00289,P005,1,699,15,594.15,Retinol 0.3% Face Serum,Serum,Normal / Dry,699,318,381,54.51,594.15,318,276.15,46.48,Delivered,2025-10-22,Mobile App
OI000480,O00290,P009,1,349,0,349.0,Ceramide Moisturizer,Moisturizer,Dry / Sensitive,349,145,204,58.45,349.0,145,204.0,58.45,Delivered,2024-11-14,Website
OI000481,O00291,P008,2,799,5,1518.1,Granactive Retinoid 2% Serum,Serum,Normal / Mature,799,358,441,55.19,1518.1,716,802.0999999999999,52.84,Delivered,2024-11-08,Website
OI000482,O00292,P012,1,449,10,404.1,Marula Oil 5% Moisturizer,Moisturizer,Dry,449,197,252,56.12,404.1,197,207.10000000000002,51.25,Delivered,2024-12-11,Mobile App
OI000483,O00292,P011,2,349,5,663.1,Sepicalm 3% Moisturizer,Moisturizer,Sensitive,349,148,201,57.59,663.1,296,367.1,55.36,Delivered,2024-12-11,Mobile App
OI000484,O00293,P018,1,349,10,314.1,Glycolic Acid Face Cleanser,Cleanser,Normal / Oily,349,143,206,59.03,314.1,143,171.10000000000002,54.47,Delivered,2025-01-31,Marketplace
OI000485,O00293,P015,2,449,15,763.3,Aqualogica Lightweight Sunscreen,Sunscreen,Oily / Combination,449,192,257,57.24,763.3,384,379.29999999999995,49.69,Delivered,2025-01-31,Marketplace
OI000486,O00293,P024,1,799,0,799.0,Hair Growth Actives Serum,Hair Care,Scalp Care,799,372,427,53.44,799.0,372,427.0,53.44,Delivered,2025-01-31,Marketplace
OI000487,O00294,P013,1,399,5,379.05,SPF 50 Sunscreen,Sunscreen,All Skin Types,399,168,231,57.89,379.05,168,211.05,55.68,Delivered,2025-08-06,Website
OI000488,O00294,P027,2,399,15,678.3,Body Wash with Salicylic Acid,Body Care,Oily / Acne-Prone,399,159,240,60.15,678.3,318,360.29999999999995,53.12,Delivered,2025-08-06,Website
OI000489,O00295,P002,3,599,10,1617.3,10% Niacinamide Face Serum,Serum,Oily / Combination,599,265,334,55.76,1617.3,795,822.3,50.84,Delivered,2024-01-24,Website
OI000490,O00296,P010,1,399,5,379.05,Vitamin B5 Moisturizer,Moisturizer,All Skin Types,399,162,237,59.4,379.05,162,217.05,57.26,Delivered,2024-11-07,Website
OI000491,O00297,P015,2,449,0,898.0,Aqualogica Lightweight Sunscreen,Sunscreen,Oily / Combination,449,192,257,57.24,898.0,384,514.0,57.24,Delivered,2024-04-27,Website
OI000492,O00298,P023,1,499,15,424.15,Anti-Dandruff Shampoo,Hair Care,Scalp Care,499,221,278,55.71,424.15,221,203.14999999999998,47.9,Delivered,2024-09-09,Mobile App
OI000493,O00299,P011,2,349,5,663.1,Sepicalm 3% Moisturizer,Moisturizer,Sensitive,349,148,201,57.59,663.1,296,367.1,55.36,Delivered,2024-09-08,Website
OI000497,O00302,P014,1,499,15,424.15,SPF 60 PA++++ Sunscreen,Sunscreen,All Skin Types,499,211,288,57.72,424.15,211,213.14999999999998,50.25,Delivered,2025-12-25,Website
OI000498,O00303,P013,1,399,0,399.0,SPF 50 Sunscreen,Sunscreen,All Skin Types,399,168,231,57.89,399.0,168,231.0,57.89,Delivered,2024-01-10,Mobile App
OI000499,O00303,P020,1,349,15,296.65,Rose Water Hydrating Toner,Toner,All Skin Types,349,139,210,60.17,296.65,139,157.64999999999998,53.14,Delivered,2024-01-10,Mobile App
OI000500,O00304,P005,1,699,15,594.15,Retinol 0.3% Face Serum,Serum,Normal / Dry,699,318,381,54.51,594.15,318,276.15,46.48,Delivered,2024-06-30,Website
OI000501,O00305,P027,1,399,0,399.0,Body Wash with Salicylic Acid,Body Care,Oily / Acne-Prone,399,159,240,60.15,399.0,159,240.0,60.15,Delivered,2024-04-02,Website
OI000502,O00305,P001,3,549,10,1482.3,2% Salicylic Acid Face Serum,Serum,Oily / Acne-Prone,549,247,302,55.01,1482.3,741,741.3,50.01,Delivered,2024-04-02,Website
OI000503,O00305,P012,1,449,5,426.55,Marula Oil 5% Moisturizer,Moisturizer,Dry,449,197,252,56.12,426.55,197,229.55,53.82,Delivered,2024-04-02,Website
OI000504,O00305,P017,1,299,0,299.0,Oat Extract Gentle Cleanser,Cleanser,Sensitive / Dry,299,121,178,59.53,299.0,121,178.0,59.53,Delivered,2024-04-02,Website
OI000505,O00306,P026,2,449,20,718.4,Body Lotion with Niacinamide,Body Care,All Skin Types,449,182,267,59.47,718.4,364,354.4,49.33,Delivered,2025-11-29,Mobile App
OI000506,O00307,P026,2,449,5,853.1,Body Lotion with Niacinamide,Body Care,All Skin Types,449,182,267,59.47,853.1,364,489.1,57.33,Delivered,2025-09-21,Marketplace
OI000507,O00307,P002,3,599,5,1707.15,10% Niacinamide Face Serum,Serum,Oily / Combination,599,265,334,55.76,1707.15,795,912.1500000000001,53.43,Delivered,2025-09-21,Marketplace
OI000509,O00309,P010,1,399,15,339.15,Vitamin B5 Moisturizer,Moisturizer,All Skin Types,399,162,237,59.4,339.15,162,177.14999999999998,52.23,Delivered,2024-09-12,Mobile App
OI000510,O00310,P010,1,399,0,399.0,Vitamin B5 Moisturizer,Moisturizer,All Skin Types,399,162,237,59.4,399.0,162,237.0,59.4,Delivered,2024-02-25,Website
OI000511,O00310,P002,3,599,20,1437.6,10% Niacinamide Face Serum,Serum,Oily / Combination,599,265,334,55.76,1437.6,795,642.5999999999999,44.7,Delivered,2024-02-25,Website
OI000512,O00311,P010,1,399,0,399.0,Vitamin B5 Moisturizer,Moisturizer,All Skin Types,399,162,237,59.4,399.0,162,237.0,59.4,Delivered,2024-03-07,Website
OI000513,O00311,P003,2,699,5,1328.1,Vitamin C 10% Face Serum,Serum,All Skin Types,699,315,384,54.94,1328.1,630,698.0999999999999,52.56,Delivered,2024-03-07,Website
OI000514,O00312,P011,1,349,0,349.0,Sepicalm 3% Moisturizer,Moisturizer,Sensitive,349,148,201,57.59,349.0,148,201.0,57.59,Delivered,2025-03-14,Marketplace
OI000515,O00312,P008,1,799,0,799.0,Granactive Retinoid 2% Serum,Serum,Normal / Mature,799,358,441,55.19,799.0,358,441.0,55.19,Delivered,2025-03-14,Marketplace
OI000516,O00313,P003,1,699,10,629.1,Vitamin C 10% Face Serum,Serum,All Skin Types,699,315,384,54.94,629.1,315,314.1,49.93,Delivered,2025-03-07,Website
OI000519,O00316,P004,1,649,15,551.65,Alpha Arbutin 2% Serum,Serum,All Skin Types,649,292,357,55.01,551.65,292,259.65,47.07,Delivered,2025-12-10,Mobile App
OI000520,O00317,P021,1,399,5,379.05,Caffeine Under Eye Cream,Eye Care,All Skin Types,399,157,242,60.65,379.05,157,222.05,58.58,Delivered,2024-08-16,Website
OI000521,O00317,P021,2,399,0,798.0,Caffeine Under Eye Cream,Eye Care,All Skin Types,399,157,242,60.65,798.0,314,484.0,60.65,Delivered,2024-08-16,Website
OI000522,O00318,P004,2,649,15,1103.3,Alpha Arbutin 2% Serum,Serum,All Skin Types,649,292,357,55.01,1103.3,584,519.3,47.07,Delivered,2025-10-08,Website
OI000523,O00319,P003,1,699,5,664.05,Vitamin C 10% Face Serum,Serum,All Skin Types,699,315,384,54.94,664.05,315,349.04999999999995,52.56,Delivered,2024-11-06,Website
OI000524,O00319,P026,2,449,10,808.2,Body Lotion with Niacinamide,Body Care,All Skin Types,449,182,267,59.47,808.2,364,444.20000000000005,54.96,Delivered,2024-11-06,Website
OI000525,O00320,P005,1,699,10,629.1,Retinol 0.3% Face Serum,Serum,Normal / Dry,699,318,381,54.51,629.1,318,311.1,49.45,Delivered,2025-03-20,Marketplace
OI000526,O00320,P009,3,349,5,994.65,Ceramide Moisturizer,Moisturizer,Dry / Sensitive,349,145,204,58.45,994.65,435,559.65,56.27,Delivered,2025-03-20,Marketplace
OI000527,O00321,P003,1,699,10,629.1,Vitamin C 10% Face Serum,Serum,All Skin Types,699,315,384,54.94,629.1,315,314.1,49.93,Delivered,2025-07-02,Mobile App
OI000528,O00322,P011,1,349,5,331.55,Sepicalm 3% Moisturizer,Moisturizer,Sensitive,349,148,201,57.59,331.55,148,183.55,55.36,Delivered,2024-06-20,Website
OI000529,O00323,P025,1,599,5,569.05,Bond Repair Shampoo,Hair Care,Hair Care,599,266,333,55.59,569.05,266,303.04999999999995,53.26,Delivered,2024-10-01,Mobile App
OI000530,O00324,P010,1,399,10,359.1,Vitamin B5 Moisturizer,Moisturizer,All Skin Types,399,162,237,59.4,359.1,162,197.10000000000002,54.89,Delivered,2024-06-09,Website
OI000531,O00325,P009,2,349,10,628.2,Ceramide Moisturizer,Moisturizer,Dry / Sensitive,349,145,204,58.45,628.2,290,338.20000000000005,53.84,Delivered,2025-05-24,Website
OI000532,O00325,P002,1,599,15,509.15,10% Niacinamide Face Serum,Serum,Oily / Combination,599,265,334,55.76,509.15,265,244.14999999999998,47.95,Delivered,2025-05-24,Website
OI000533,O00326,P006,3,599,25,1347.75,Hyaluronic Acid 2% Serum,Serum,Dry / Dehydrated,599,258,341,56.93,1347.75,774,573.75,42.57,Delivered,2024-12-07,Mobile App
OI000534,O00326,P017,1,299,15,254.15,Oat Extract Gentle Cleanser,Cleanser,Sensitive / Dry,299,121,178,59.53,254.15,121,133.15,52.39,Delivered,2024-12-07,Mobile App
OI000537,O00328,P002,2,599,5,1138.1,10% Niacinamide Face Serum,Serum,Oily / Combination,599,265,334,55.76,1138.1,530,608.0999999999999,53.43,Delivered,2025-06-12,Mobile App
OI000540,O00330,P005,1,699,10,629.1,Retinol 0.3% Face Serum,Serum,Normal / Dry,699,318,381,54.51,629.1,318,311.1,49.45,Delivered,2025-08-04,Mobile App
OI000541,O00330,P009,1,349,20,279.2,Ceramide Moisturizer,Moisturizer,Dry / Sensitive,349,145,204,58.45,279.2,145,134.2,48.07,Delivered,2025-08-04,Mobile App
OI000542,O00330,P013,1,399,0,399.0,SPF 50 Sunscreen,Sunscreen,All Skin Types,399,168,231,57.89,399.0,168,231.0,57.89,Delivered,2025-08-04,Mobile App
OI000543,O00330,P004,1,649,0,649.0,Alpha Arbutin 2% Serum,Serum,All Skin Types,649,292,357,55.01,649.0,292,357.0,55.01,Delivered,2025-08-04,Mobile App
OI000544,O00331,P009,1,349,5,331.55,Ceramide Moisturizer,Moisturizer,Dry / Sensitive,349,145,204,58.45,331.55,145,186.55,56.27,Delivered,2025-01-25,Website
OI000545,O00332,P024,1,799,15,679.15,Hair Growth Actives Serum,Hair Care,Scalp Care,799,372,427,53.44,679.15,372,307.15,45.23,Delivered,2025-07-03,Marketplace
OI000546,O00333,P004,1,649,5,616.55,Alpha Arbutin 2% Serum,Serum,All Skin Types,649,292,357,55.01,616.55,292,324.54999999999995,52.64,Delivered,2024-11-13,Website
OI000547,O00334,P011,1,349,10,314.1,Sepicalm 3% Moisturizer,Moisturizer,Sensitive,349,148,201,57.59,314.1,148,166.10000000000002,52.88,Delivered,2025-05-17,Website
OI000548,O00334,P017,2,299,0,598.0,Oat Extract Gentle Cleanser,Cleanser,Sensitive / Dry,299,121,178,59.53,598.0,242,356.0,59.53,Delivered,2025-05-17,Website
OI000549,O00334,P017,1,299,20,239.2,Oat Extract Gentle Cleanser,Cleanser,Sensitive / Dry,299,121,178,59.53,239.2,121,118.19999999999999,49.41,Delivered,2025-05-17,Website
OI000550,O00335,P013,1,399,20,319.2,SPF 50 Sunscreen,Sunscreen,All Skin Types,399,168,231,57.89,319.2,168,151.2,47.37,Delivered,2025-02-06,Website
OI000551,O00335,P016,2,299,5,568.1,Salicylic Acid Face Cleanser,Cleanser,Oily / Acne-Prone,299,117,182,60.87,568.1,234,334.1,58.81,Delivered,2025-02-06,Website
OI000552,O00335,P002,1,599,0,599.0,10% Niacinamide Face Serum,Serum,Oily / Combination,599,265,334,55.76,599.0,265,334.0,55.76,Delivered,2025-02-06,Website
OI000553,O00336,P015,1,449,10,404.1,Aqualogica Lightweight Sunscreen,Sunscreen,Oily / Combination,449,192,257,57.24,404.1,192,212.10000000000002,52.49,Delivered,2024-11-29,Website
OI000554,O00337,P013,1,399,25,299.25,SPF 50 Sunscreen,Sunscreen,All Skin Types,399,168,231,57.89,299.25,168,131.25,43.86,Delivered,2024-08-12,Website
OI000555,O00338,P006,1,599,0,599.0,Hyaluronic Acid 2% Serum,Serum,Dry / Dehydrated,599,258,341,56.93,599.0,258,341.0,56.93,Delivered,2024-08-18,Mobile App
OI000558,O00340,P028,1,249,0,249.0,Lip Balm SPF 30,Lip Care,All Skin Types,249,92,157,63.05,249.0,92,157.0,63.05,Delivered,2024-07-25,Website
OI000559,O00341,P004,1,649,20,519.2,Alpha Arbutin 2% Serum,Serum,All Skin Types,649,292,357,55.01,519.2,292,227.20000000000005,43.76,Delivered,2024-10-22,Website
OI000560,O00341,P005,1,699,5,664.05,Retinol 0.3% Face Serum,Serum,Normal / Dry,699,318,381,54.51,664.05,318,346.04999999999995,52.11,Delivered,2024-10-22,Website
OI000561,O00342,P002,1,599,5,569.05,10% Niacinamide Face Serum,Serum,Oily / Combination,599,265,334,55.76,569.05,265,304.04999999999995,53.43,Delivered,2024-08-05,Mobile App
OI000567,O00346,P006,1,599,20,479.2,Hyaluronic Acid 2% Serum,Serum,Dry / Dehydrated,599,258,341,56.93,479.2,258,221.2,46.16,Delivered,2025-02-28,Mobile App
OI000568,O00347,P024,1,799,0,799.0,Hair Growth Actives Serum,Hair Care,Scalp Care,799,372,427,53.44,799.0,372,427.0,53.44,Delivered,2024-08-15,Website
OI000571,O00349,P004,2,649,10,1168.2,Alpha Arbutin 2% Serum,Serum,All Skin Types,649,292,357,55.01,1168.2,584,584.2,50.01,Delivered,2025-02-11,Mobile App
OI000572,O00350,P014,1,499,0,499.0,SPF 60 PA++++ Sunscreen,Sunscreen,All Skin Types,499,211,288,57.72,499.0,211,288.0,57.72,Delivered,2025-10-17,Website
OI000573,O00351,P009,1,349,5,331.55,Ceramide Moisturizer,Moisturizer,Dry / Sensitive,349,145,204,58.45,331.55,145,186.55,56.27,Delivered,2024-01-14,Website
OI000574,O00352,P027,1,399,5,379.05,Body Wash with Salicylic Acid,Body Care,Oily / Acne-Prone,399,159,240,60.15,379.05,159,220.05,58.05,Delivered,2024-02-09,Website
OI000575,O00352,P019,1,399,10,359.1,PHA 3% Alcohol-Free Toner,Toner,Sensitive,399,166,233,58.4,359.1,166,193.10000000000002,53.77,Delivered,2024-02-09,Website
OI000576,O00353,P014,2,499,0,998.0,SPF 60 PA++++ Sunscreen,Sunscreen,All Skin Types,499,211,288,57.72,998.0,422,576.0,57.72,Delivered,2024-11-15,Mobile App
OI000577,O00354,P002,1,599,15,509.15,10% Niacinamide Face Serum,Serum,Oily / Combination,599,265,334,55.76,509.15,265,244.14999999999998,47.95,Delivered,2024-08-20,Mobile App
OI000578,O00354,P025,1,599,10,539.1,Bond Repair Shampoo,Hair Care,Hair Care,599,266,333,55.59,539.1,266,273.1,50.66,Delivered,2024-08-20,Mobile App
OI000579,O00354,P024,2,799,10,1438.2,Hair Growth Actives Serum,Hair Care,Scalp Care,799,372,427,53.44,1438.2,744,694.2,48.27,Delivered,2024-08-20,Mobile App
OI000580,O00354,P004,1,649,15,551.65,Alpha Arbutin 2% Serum,Serum,All Skin Types,649,292,357,55.01,551.65,292,259.65,47.07,Delivered,2024-08-20,Mobile App
OI000581,O00355,P018,1,349,0,349.0,Glycolic Acid Face Cleanser,Cleanser,Normal / Oily,349,143,206,59.03,349.0,143,206.0,59.03,Delivered,2025-10-13,Website
OI000582,O00356,P005,2,699,10,1258.2,Retinol 0.3% Face Serum,Serum,Normal / Dry,699,318,381,54.51,1258.2,636,622.2,49.45,Delivered,2025-03-02,Website
OI000583,O00356,P004,2,649,0,1298.0,Alpha Arbutin 2% Serum,Serum,All Skin Types,649,292,357,55.01,1298.0,584,714.0,55.01,Delivered,2025-03-02,Website
OI000584,O00357,P003,1,699,0,699.0,Vitamin C 10% Face Serum,Serum,All Skin Types,699,315,384,54.94,699.0,315,384.0,54.94,Delivered,2025-10-03,Website
OI000585,O00358,P020,1,349,10,314.1,Rose Water Hydrating Toner,Toner,All Skin Types,349,139,210,60.17,314.1,139,175.10000000000002,55.75,Delivered,2024-11-05,Website
OI000586,O00359,P026,1,449,0,449.0,Body Lotion with Niacinamide,Body Care,All Skin Types,449,182,267,59.47,449.0,182,267.0,59.47,Delivered,2025-09-10,Marketplace
OI000587,O00359,P016,1,299,5,284.05,Salicylic Acid Face Cleanser,Cleanser,Oily / Acne-Prone,299,117,182,60.87,284.05,117,167.05,58.81,Delivered,2025-09-10,Marketplace
OI000590,O00362,P026,2,449,25,673.5,Body Lotion with Niacinamide,Body Care,All Skin Types,449,182,267,59.47,673.5,364,309.5,45.95,Delivered,2024-08-27,Website
OI000591,O00363,P012,1,449,15,381.65,Marula Oil 5% Moisturizer,Moisturizer,Dry,449,197,252,56.12,381.65,197,184.64999999999998,48.38,Delivered,2025-09-13,Mobile App
OI000592,O00363,P003,1,699,20,559.2,Vitamin C 10% Face Serum,Serum,All Skin Types,699,315,384,54.94,559.2,315,244.20000000000005,43.67,Delivered,2025-09-13,Mobile App
OI000593,O00363,P020,1,349,10,314.1,Rose Water Hydrating Toner,Toner,All Skin Types,349,139,210,60.17,314.1,139,175.10000000000002,55.75,Delivered,2025-09-13,Mobile App
OI000594,O00364,P017,1,299,20,239.2,Oat Extract Gentle Cleanser,Cleanser,Sensitive / Dry,299,121,178,59.53,239.2,121,118.19999999999999,49.41,Delivered,2024-09-06,Website
OI000595,O00365,P026,1,449,5,426.55,Body Lotion with Niacinamide,Body Care,All Skin Types,449,182,267,59.47,426.55,182,244.55,57.33,Delivered,2025-08-20,Mobile App
OI000596,O00365,P019,1,399,15,339.15,PHA 3% Alcohol-Free Toner,Toner,Sensitive,399,166,233,58.4,339.15,166,173.14999999999998,51.05,Delivered,2025-08-20,Mobile App
OI000597,O00365,P014,1,499,10,449.1,SPF 60 PA++++ Sunscreen,Sunscreen,All Skin Types,499,211,288,57.72,449.1,211,238.10000000000002,53.02,Delivered,2025-08-20,Mobile App
OI000598,O00366,P026,1,449,5,426.55,Body Lotion with Niacinamide,Body Care,All Skin Types,449,182,267,59.47,426.55,182,244.55,57.33,Delivered,2024-08-26,Website
OI000599,O00366,P018,2,349,25,523.5,Glycolic Acid Face Cleanser,Cleanser,Normal / Oily,349,143,206,59.03,523.5,286,237.5,45.37,Delivered,2024-08-26,Website
OI000600,O00367,P012,1,449,5,426.55,Marula Oil 5% Moisturizer,Moisturizer,Dry,449,197,252,56.12,426.55,197,229.55,53.82,Delivered,2025-02-01,Mobile App
OI000601,O00367,P014,1,499,10,449.1,SPF 60 PA++++ Sunscreen,Sunscreen,All Skin Types,499,211,288,57.72,449.1,211,238.10000000000002,53.02,Delivered,2025-02-01,Mobile App
OI000602,O00368,P021,1,399,5,379.05,Caffeine Under Eye Cream,Eye Care,All Skin Types,399,157,242,60.65,379.05,157,222.05,58.58,Delivered,2024-08-12,Website
OI000603,O00368,P017,3,299,0,897.0,Oat Extract Gentle Cleanser,Cleanser,Sensitive / Dry,299,121,178,59.53,897.0,363,534.0,59.53,Delivered,2024-08-12,Website
OI000604,O00369,P008,2,799,15,1358.3,Granactive Retinoid 2% Serum,Serum,Normal / Mature,799,358,441,55.19,1358.3,716,642.3,47.29,Delivered,2025-10-08,Website
OI000605,O00369,P022,1,499,20,399.2,Multi-Peptide Eye Cream,Eye Care,Mature / Dry,499,218,281,56.31,399.2,218,181.2,45.39,Delivered,2025-10-08,Website
OI000606,O00369,P005,1,699,10,629.1,Retinol 0.3% Face Serum,Serum,Normal / Dry,699,318,381,54.51,629.1,318,311.1,49.45,Delivered,2025-10-08,Website
OI000607,O00369,P018,1,349,25,261.75,Glycolic Acid Face Cleanser,Cleanser,Normal / Oily,349,143,206,59.03,261.75,143,118.75,45.37,Delivered,2025-10-08,Website
OI000608,O00370,P002,1,599,5,569.05,10% Niacinamide Face Serum,Serum,Oily / Combination,599,265,334,55.76,569.05,265,304.04999999999995,53.43,Delivered,2025-07-15,Website
OI000609,O00371,P007,1,699,10,629.1,AHA BHA 10% Exfoliating Serum,Serum,Oily / Combination,699,322,377,53.93,629.1,322,307.1,48.82,Delivered,2024-05-14,Website
OI000610,O00371,P016,2,299,5,568.1,Salicylic Acid Face Cleanser,Cleanser,Oily / Acne-Prone,299,117,182,60.87,568.1,234,334.1,58.81,Delivered,2024-05-14,Website
OI000611,O00371,P014,2,499,0,998.0,SPF 60 PA++++ Sunscreen,Sunscreen,All Skin Types,499,211,288,57.72,998.0,422,576.0,57.72,Delivered,2024-05-14,Website
OI000612,O00372,P026,1,449,10,404.1,Body Lotion with Niacinamide,Body Care,All Skin Types,449,182,267,59.47,404.1,182,222.10000000000002,54.96,Delivered,2025-03-13,Website
OI000613,O00373,P004,1,649,25,486.75,Alpha Arbutin 2% Serum,Serum,All Skin Types,649,292,357,55.01,486.75,292,194.75,40.01,Delivered,2025-02-17,Website
OI000614,O00373,P018,1,349,0,349.0,Glycolic Acid Face Cleanser,Cleanser,Normal / Oily,349,143,206,59.03,349.0,143,206.0,59.03,Delivered,2025-02-17,Website
OI000615,O00374,P015,2,449,5,853.1,Aqualogica Lightweight Sunscreen,Sunscreen,Oily / Combination,449,192,257,57.24,853.1,384,469.1,54.99,Delivered,2024-10-08,Website
OI000616,O00375,P017,1,299,20,239.2,Oat Extract Gentle Cleanser,Cleanser,Sensitive / Dry,299,121,178,59.53,239.2,121,118.19999999999999,49.41,Delivered,2024-10-07,Website
OI000617,O00375,P007,1,699,5,664.05,AHA BHA 10% Exfoliating Serum,Serum,Oily / Combination,699,322,377,53.93,664.05,322,342.04999999999995,51.51,Delivered,2024-10-07,Website
OI000618,O00375,P003,1,699,5,664.05,Vitamin C 10% Face Serum,Serum,All Skin Types,699,315,384,54.94,664.05,315,349.04999999999995,52.56,Delivered,2024-10-07,Website
OI000619,O00375,P008,2,799,15,1358.3,Granactive Retinoid 2% Serum,Serum,Normal / Mature,799,358,441,55.19,1358.3,716,642.3,47.29,Delivered,2024-10-07,Website
OI000620,O00376,P021,1,399,0,399.0,Caffeine Under Eye Cream,Eye Care,All Skin Types,399,157,242,60.65,399.0,157,242.0,60.65,Delivered,2025-11-05,Website
OI000621,O00377,P001,1,549,15,466.65,2% Salicylic Acid Face Serum,Serum,Oily / Acne-Prone,549,247,302,55.01,466.65,247,219.64999999999998,47.07,Delivered,2024-05-07,Website
OI000622,O00377,P007,1,699,10,629.1,AHA BHA 10% Exfoliating Serum,Serum,Oily / Combination,699,322,377,53.93,629.1,322,307.1,48.82,Delivered,2024-05-07,Website
OI000623,O00377,P026,1,449,15,381.65,Body Lotion with Niacinamide,Body Care,All Skin Types,449,182,267,59.47,381.65,182,199.64999999999998,52.31,Delivered,2024-05-07,Website
OI000624,O00378,P004,1,649,15,551.65,Alpha Arbutin 2% Serum,Serum,All Skin Types,649,292,357,55.01,551.65,292,259.65,47.07,Delivered,2025-09-12,Mobile App
OI000625,O00379,P026,1,449,20,359.2,Body Lotion with Niacinamide,Body Care,All Skin Types,449,182,267,59.47,359.2,182,177.2,49.33,Delivered,2024-03-17,Website
OI000626,O00380,P008,1,799,25,599.25,Granactive Retinoid 2% Serum,Serum,Normal / Mature,799,358,441,55.19,599.25,358,241.25,40.26,Delivered,2025-01-16,Website
OI000627,O00380,P020,1,349,5,331.55,Rose Water Hydrating Toner,Toner,All Skin Types,349,139,210,60.17,331.55,139,192.55,58.08,Delivered,2025-01-16,Website
OI000628,O00381,P020,1,349,0,349.0,Rose Water Hydrating Toner,Toner,All Skin Types,349,139,210,60.17,349.0,139,210.0,60.17,Delivered,2024-03-08,Mobile App
OI000632,O00383,P018,1,349,15,296.65,Glycolic Acid Face Cleanser,Cleanser,Normal / Oily,349,143,206,59.03,296.65,143,153.64999999999998,51.8,Delivered,2024-08-20,Website
OI000633,O00384,P024,2,799,20,1278.4,Hair Growth Actives Serum,Hair Care,Scalp Care,799,372,427,53.44,1278.4,744,534.4000000000001,41.8,Delivered,2024-12-28,Website
OI000634,O00384,P021,1,399,5,379.05,Caffeine Under Eye Cream,Eye Care,All Skin Types,399,157,242,60.65,379.05,157,222.05,58.58,Delivered,2024-12-28,Website
OI000635,O00384,P007,1,699,0,699.0,AHA BHA 10% Exfoliating Serum,Serum,Oily / Combination,699,322,377,53.93,699.0,322,377.0,53.93,Delivered,2024-12-28,Website
OI000636,O00385,P010,1,399,25,299.25,Vitamin B5 Moisturizer,Moisturizer,All Skin Types,399,162,237,59.4,299.25,162,137.25,45.86,Delivered,2025-10-19,Mobile App
OI000637,O00385,P012,2,449,15,763.3,Marula Oil 5% Moisturizer,Moisturizer,Dry,449,197,252,56.12,763.3,394,369.29999999999995,48.38,Delivered,2025-10-19,Mobile App
OI000638,O00385,P018,1,349,10,314.1,Glycolic Acid Face Cleanser,Cleanser,Normal / Oily,349,143,206,59.03,314.1,143,171.10000000000002,54.47,Delivered,2025-10-19,Mobile App
OI000639,O00385,P011,2,349,15,593.3,Sepicalm 3% Moisturizer,Moisturizer,Sensitive,349,148,201,57.59,593.3,296,297.29999999999995,50.11,Delivered,2025-10-19,Mobile App
OI000640,O00386,P012,3,449,15,1144.95,Marula Oil 5% Moisturizer,Moisturizer,Dry,449,197,252,56.12,1144.95,591,553.95,48.38,Delivered,2024-12-19,Mobile App
OI000641,O00386,P014,2,499,10,898.2,SPF 60 PA++++ Sunscreen,Sunscreen,All Skin Types,499,211,288,57.72,898.2,422,476.20000000000005,53.02,Delivered,2024-12-19,Mobile App
OI000642,O00386,P014,1,499,0,499.0,SPF 60 PA++++ Sunscreen,Sunscreen,All Skin Types,499,211,288,57.72,499.0,211,288.0,57.72,Delivered,2024-12-19,Mobile App
OI000643,O00387,P006,1,599,5,569.05,Hyaluronic Acid 2% Serum,Serum,Dry / Dehydrated,599,258,341,56.93,569.05,258,311.04999999999995,54.66,Delivered,2024-02-22,Website
OI000644,O00387,P013,1,399,5,379.05,SPF 50 Sunscreen,Sunscreen,All Skin Types,399,168,231,57.89,379.05,168,211.05,55.68,Delivered,2024-02-22,Website
OI000645,O00387,P019,1,399,10,359.1,PHA 3% Alcohol-Free Toner,Toner,Sensitive,399,166,233,58.4,359.1,166,193.10000000000002,53.77,Delivered,2024-02-22,Website
OI000647,O00389,P025,1,599,20,479.2,Bond Repair Shampoo,Hair Care,Hair Care,599,266,333,55.59,479.2,266,213.2,44.49,Delivered,2024-07-09,Website
OI000648,O00390,P003,2,699,0,1398.0,Vitamin C 10% Face Serum,Serum,All Skin Types,699,315,384,54.94,1398.0,630,768.0,54.94,Delivered,2025-04-26,Website
OI000649,O00390,P010,1,399,5,379.05,Vitamin B5 Moisturizer,Moisturizer,All Skin Types,399,162,237,59.4,379.05,162,217.05,57.26,Delivered,2025-04-26,Website
OI000650,O00391,P004,1,649,5,616.55,Alpha Arbutin 2% Serum,Serum,All Skin Types,649,292,357,55.01,616.55,292,324.54999999999995,52.64,Delivered,2024-04-23,Mobile App
OI000651,O00391,P005,1,699,10,629.1,Retinol 0.3% Face Serum,Serum,Normal / Dry,699,318,381,54.51,629.1,318,311.1,49.45,Delivered,2024-04-23,Mobile App
OI000652,O00391,P011,2,349,15,593.3,Sepicalm 3% Moisturizer,Moisturizer,Sensitive,349,148,201,57.59,593.3,296,297.29999999999995,50.11,Delivered,2024-04-23,Mobile App
OI000654,O00393,P006,1,599,5,569.05,Hyaluronic Acid 2% Serum,Serum,Dry / Dehydrated,599,258,341,56.93,569.05,258,311.04999999999995,54.66,Delivered,2025-09-03,Website
OI000655,O00393,P004,1,649,20,519.2,Alpha Arbutin 2% Serum,Serum,All Skin Types,649,292,357,55.01,519.2,292,227.20000000000005,43.76,Delivered,2025-09-03,Website
OI000656,O00394,P003,1,699,5,664.05,Vitamin C 10% Face Serum,Serum,All Skin Types,699,315,384,54.94,664.05,315,349.04999999999995,52.56,Delivered,2025-05-29,Mobile App
OI000657,O00395,P002,1,599,0,599.0,10% Niacinamide Face Serum,Serum,Oily / Combination,599,265,334,55.76,599.0,265,334.0,55.76,Delivered,2025-02-21,Website
OI000658,O00396,P007,1,699,5,664.05,AHA BHA 10% Exfoliating Serum,Serum,Oily / Combination,699,322,377,53.93,664.05,322,342.04999999999995,51.51,Delivered,2024-02-18,Website
OI000660,O00398,P003,2,699,10,1258.2,Vitamin C 10% Face Serum,Serum,All Skin Types,699,315,384,54.94,1258.2,630,628.2,49.93,Delivered,2024-10-09,Website
OI000661,O00398,P014,1,499,15,424.15,SPF 60 PA++++ Sunscreen,Sunscreen,All Skin Types,499,211,288,57.72,424.15,211,213.14999999999998,50.25,Delivered,2024-10-09,Website
OI000662,O00399,P025,2,599,10,1078.2,Bond Repair Shampoo,Hair Care,Hair Care,599,266,333,55.59,1078.2,532,546.2,50.66,Delivered,2024-07-25,Website
OI000663,O00399,P018,1,349,5,331.55,Glycolic Acid Face Cleanser,Cleanser,Normal / Oily,349,143,206,59.03,331.55,143,188.55,56.87,Delivered,2024-07-25,Website
OI000664,O00400,P027,1,399,25,299.25,Body Wash with Salicylic Acid,Body Care,Oily / Acne-Prone,399,159,240,60.15,299.25,159,140.25,46.87,Delivered,2025-05-30,Marketplace
OI000665,O00401,P005,1,699,20,559.2,Retinol 0.3% Face Serum,Serum,Normal / Dry,699,318,381,54.51,559.2,318,241.20000000000005,43.13,Delivered,2025-07-29,Website
OI000666,O00402,P001,1,549,0,549.0,2% Salicylic Acid Face Serum,Serum,Oily / Acne-Prone,549,247,302,55.01,549.0,247,302.0,55.01,Delivered,2024-09-22,Mobile App
OI000667,O00403,P028,2,249,20,398.4,Lip Balm SPF 30,Lip Care,All Skin Types,249,92,157,63.05,398.4,184,214.39999999999998,53.82,Delivered,2024-09-11,Mobile App
OI000668,O00403,P008,1,799,0,799.0,Granactive Retinoid 2% Serum,Serum,Normal / Mature,799,358,441,55.19,799.0,358,441.0,55.19,Delivered,2024-09-11,Mobile App
OI000670,O00405,P021,1,399,5,379.05,Caffeine Under Eye Cream,Eye Care,All Skin Types,399,157,242,60.65,379.05,157,222.05,58.58,Delivered,2025-12-05,Mobile App
OI000671,O00406,P012,1,449,15,381.65,Marula Oil 5% Moisturizer,Moisturizer,Dry,449,197,252,56.12,381.65,197,184.64999999999998,48.38,Delivered,2024-06-08,Website
OI000672,O00407,P014,1,499,0,499.0,SPF 60 PA++++ Sunscreen,Sunscreen,All Skin Types,499,211,288,57.72,499.0,211,288.0,57.72,Delivered,2024-07-03,Website
OI000673,O00408,P009,1,349,0,349.0,Ceramide Moisturizer,Moisturizer,Dry / Sensitive,349,145,204,58.45,349.0,145,204.0,58.45,Delivered,2024-04-12,Website
OI000674,O00409,P023,1,499,15,424.15,Anti-Dandruff Shampoo,Hair Care,Scalp Care,499,221,278,55.71,424.15,221,203.14999999999998,47.9,Delivered,2024-01-14,Website
OI000675,O00409,P002,2,599,15,1018.3,10% Niacinamide Face Serum,Serum,Oily / Combination,599,265,334,55.76,1018.3,530,488.29999999999995,47.95,Delivered,2024-01-14,Website
OI000676,O00410,P013,1,399,20,319.2,SPF 50 Sunscreen,Sunscreen,All Skin Types,399,168,231,57.89,319.2,168,151.2,47.37,Delivered,2024-02-27,Website
OI000677,O00411,P009,1,349,0,349.0,Ceramide Moisturizer,Moisturizer,Dry / Sensitive,349,145,204,58.45,349.0,145,204.0,58.45,Delivered,2024-08-20,Website
OI000678,O00411,P024,1,799,0,799.0,Hair Growth Actives Serum,Hair Care,Scalp Care,799,372,427,53.44,799.0,372,427.0,53.44,Delivered,2024-08-20,Website
OI000679,O00411,P021,2,399,5,758.1,Caffeine Under Eye Cream,Eye Care,All Skin Types,399,157,242,60.65,758.1,314,444.1,58.58,Delivered,2024-08-20,Website
OI000680,O00412,P016,2,299,5,568.1,Salicylic Acid Face Cleanser,Cleanser,Oily / Acne-Prone,299,117,182,60.87,568.1,234,334.1,58.81,Delivered,2024-07-01,Website
OI000681,O00412,P015,1,449,5,426.55,Aqualogica Lightweight Sunscreen,Sunscreen,Oily / Combination,449,192,257,57.24,426.55,192,234.55,54.99,Delivered,2024-07-01,Website
OI000682,O00412,P007,1,699,20,559.2,AHA BHA 10% Exfoliating Serum,Serum,Oily / Combination,699,322,377,53.93,559.2,322,237.20000000000005,42.42,Delivered,2024-07-01,Website
OI000683,O00413,P028,1,249,5,236.55,Lip Balm SPF 30,Lip Care,All Skin Types,249,92,157,63.05,236.55,92,144.55,61.11,Delivered,2024-06-01,Website
OI000684,O00413,P021,1,399,0,399.0,Caffeine Under Eye Cream,Eye Care,All Skin Types,399,157,242,60.65,399.0,157,242.0,60.65,Delivered,2024-06-01,Website
OI000685,O00414,P016,1,299,10,269.1,Salicylic Acid Face Cleanser,Cleanser,Oily / Acne-Prone,299,117,182,60.87,269.1,117,152.10000000000002,56.52,Delivered,2025-05-07,Website
OI000686,O00414,P006,1,599,10,539.1,Hyaluronic Acid 2% Serum,Serum,Dry / Dehydrated,599,258,341,56.93,539.1,258,281.1,52.14,Delivered,2025-05-07,Website
OI000687,O00415,P027,2,399,0,798.0,Body Wash with Salicylic Acid,Body Care,Oily / Acne-Prone,399,159,240,60.15,798.0,318,480.0,60.15,Delivered,2024-03-30,Website
OI000688,O00416,P006,1,599,25,449.25,Hyaluronic Acid 2% Serum,Serum,Dry / Dehydrated,599,258,341,56.93,449.25,258,191.25,42.57,Delivered,2024-05-22,Marketplace
OI000689,O00416,P022,1,499,5,474.05,Multi-Peptide Eye Cream,Eye Care,Mature / Dry,499,218,281,56.31,474.05,218,256.05,54.01,Delivered,2024-05-22,Marketplace
OI000690,O00416,P002,1,599,25,449.25,10% Niacinamide Face Serum,Serum,Oily / Combination,599,265,334,55.76,449.25,265,184.25,41.01,Delivered,2024-05-22,Marketplace
OI000691,O00417,P014,2,499,0,998.0,SPF 60 PA++++ Sunscreen,Sunscreen,All Skin Types,499,211,288,57.72,998.0,422,576.0,57.72,Delivered,2025-08-12,Website
OI000692,O00418,P017,1,299,20,239.2,Oat Extract Gentle Cleanser,Cleanser,Sensitive / Dry,299,121,178,59.53,239.2,121,118.19999999999999,49.41,Delivered,2025-06-24,Website
OI000693,O00418,P007,1,699,15,594.15,AHA BHA 10% Exfoliating Serum,Serum,Oily / Combination,699,322,377,53.93,594.15,322,272.15,45.8,Delivered,2025-06-24,Website
OI000695,O00420,P004,1,649,0,649.0,Alpha Arbutin 2% Serum,Serum,All Skin Types,649,292,357,55.01,649.0,292,357.0,55.01,Delivered,2024-03-20,Mobile App
OI000696,O00420,P021,1,399,0,399.0,Caffeine Under Eye Cream,Eye Care,All Skin Types,399,157,242,60.65,399.0,157,242.0,60.65,Delivered,2024-03-20,Mobile App
OI000697,O00421,P007,1,699,0,699.0,AHA BHA 10% Exfoliating Serum,Serum,Oily / Combination,699,322,377,53.93,699.0,322,377.0,53.93,Delivered,2024-09-02,Mobile App
OI000698,O00421,P013,1,399,25,299.25,SPF 50 Sunscreen,Sunscreen,All Skin Types,399,168,231,57.89,299.25,168,131.25,43.86,Delivered,2024-09-02,Mobile App
OI000700,O00423,P024,1,799,0,799.0,Hair Growth Actives Serum,Hair Care,Scalp Care,799,372,427,53.44,799.0,372,427.0,53.44,Delivered,2024-04-13,Mobile App
OI000701,O00424,P012,1,449,15,381.65,Marula Oil 5% Moisturizer,Moisturizer,Dry,449,197,252,56.12,381.65,197,184.64999999999998,48.38,Delivered,2024-08-08,Website
OI000702,O00424,P018,1,349,5,331.55,Glycolic Acid Face Cleanser,Cleanser,Normal / Oily,349,143,206,59.03,331.55,143,188.55,56.87,Delivered,2024-08-08,Website
OI000703,O00424,P016,2,299,5,568.1,Salicylic Acid Face Cleanser,Cleanser,Oily / Acne-Prone,299,117,182,60.87,568.1,234,334.1,58.81,Delivered,2024-08-08,Website
OI000704,O00424,P026,2,449,15,763.3,Body Lotion with Niacinamide,Body Care,All Skin Types,449,182,267,59.47,763.3,364,399.29999999999995,52.31,Delivered,2024-08-08,Website
OI000705,O00425,P025,1,599,0,599.0,Bond Repair Shampoo,Hair Care,Hair Care,599,266,333,55.59,599.0,266,333.0,55.59,Delivered,2024-08-12,Mobile App
OI000706,O00425,P012,1,449,0,449.0,Marula Oil 5% Moisturizer,Moisturizer,Dry,449,197,252,56.12,449.0,197,252.0,56.12,Delivered,2024-08-12,Mobile App
OI000707,O00426,P028,1,249,5,236.55,Lip Balm SPF 30,Lip Care,All Skin Types,249,92,157,63.05,236.55,92,144.55,61.11,Delivered,2025-04-29,Marketplace
OI000708,O00426,P012,1,449,15,381.65,Marula Oil 5% Moisturizer,Moisturizer,Dry,449,197,252,56.12,381.65,197,184.64999999999998,48.38,Delivered,2025-04-29,Marketplace
OI000709,O00426,P009,1,349,10,314.1,Ceramide Moisturizer,Moisturizer,Dry / Sensitive,349,145,204,58.45,314.1,145,169.10000000000002,53.84,Delivered,2025-04-29,Marketplace
OI000711,O00428,P011,1,349,10,314.1,Sepicalm 3% Moisturizer,Moisturizer,Sensitive,349,148,201,57.59,314.1,148,166.10000000000002,52.88,Delivered,2024-04-17,Website
OI000712,O00429,P010,1,399,5,379.05,Vitamin B5 Moisturizer,Moisturizer,All Skin Types,399,162,237,59.4,379.05,162,217.05,57.26,Delivered,2024-03-28,Website
OI000713,O00430,P008,1,799,5,759.05,Granactive Retinoid 2% Serum,Serum,Normal / Mature,799,358,441,55.19,759.05,358,401.04999999999995,52.84,Delivered,2024-04-27,Website
OI000714,O00430,P001,2,549,5,1043.1,2% Salicylic Acid Face Serum,Serum,Oily / Acne-Prone,549,247,302,55.01,1043.1,494,549.0999999999999,52.64,Delivered,2024-04-27,Website
OI000717,O00432,P008,1,799,5,759.05,Granactive Retinoid 2% Serum,Serum,Normal / Mature,799,358,441,55.19,759.05,358,401.04999999999995,52.84,Delivered,2024-08-07,Website
OI000718,O00432,P018,1,349,15,296.65,Glycolic Acid Face Cleanser,Cleanser,Normal / Oily,349,143,206,59.03,296.65,143,153.64999999999998,51.8,Delivered,2024-08-07,Website
OI000719,O00432,P004,1,649,15,551.65,Alpha Arbutin 2% Serum,Serum,All Skin Types,649,292,357,55.01,551.65,292,259.65,47.07,Delivered,2024-08-07,Website
OI000722,O00434,P004,1,649,10,584.1,Alpha Arbutin 2% Serum,Serum,All Skin Types,649,292,357,55.01,584.1,292,292.1,50.01,Delivered,2024-05-08,Website
OI000723,O00434,P017,1,299,5,284.05,Oat Extract Gentle Cleanser,Cleanser,Sensitive / Dry,299,121,178,59.53,284.05,121,163.05,57.4,Delivered,2024-05-08,Website
OI000724,O00435,P003,3,699,5,1992.15,Vitamin C 10% Face Serum,Serum,All Skin Types,699,315,384,54.94,1992.15,945,1047.15,52.56,Delivered,2024-01-15,Website
OI000725,O00435,P012,1,449,15,381.65,Marula Oil 5% Moisturizer,Moisturizer,Dry,449,197,252,56.12,381.65,197,184.64999999999998,48.38,Delivered,2024-01-15,Website
OI000726,O00436,P010,1,399,10,359.1,Vitamin B5 Moisturizer,Moisturizer,All Skin Types,399,162,237,59.4,359.1,162,197.10000000000002,54.89,Delivered,2024-04-26,Mobile App
OI000727,O00437,P010,1,399,0,399.0,Vitamin B5 Moisturizer,Moisturizer,All Skin Types,399,162,237,59.4,399.0,162,237.0,59.4,Delivered,2025-01-22,Marketplace
OI000728,O00438,P015,2,449,15,763.3,Aqualogica Lightweight Sunscreen,Sunscreen,Oily / Combination,449,192,257,57.24,763.3,384,379.29999999999995,49.69,Delivered,2025-04-25,Website
OI000729,O00438,P020,1,349,5,331.55,Rose Water Hydrating Toner,Toner,All Skin Types,349,139,210,60.17,331.55,139,192.55,58.08,Delivered,2025-04-25,Website
OI000730,O00438,P009,1,349,5,331.55,Ceramide Moisturizer,Moisturizer,Dry / Sensitive,349,145,204,58.45,331.55,145,186.55,56.27,Delivered,2025-04-25,Website
OI000731,O00439,P021,1,399,25,299.25,Caffeine Under Eye Cream,Eye Care,All Skin Types,399,157,242,60.65,299.25,157,142.25,47.54,Delivered,2025-01-21,Website
OI000732,O00439,P014,3,499,5,1422.15,SPF 60 PA++++ Sunscreen,Sunscreen,All Skin Types,499,211,288,57.72,1422.15,633,789.1500000000001,55.49,Delivered,2025-01-21,Website
OI000733,O00440,P004,1,649,15,551.65,Alpha Arbutin 2% Serum,Serum,All Skin Types,649,292,357,55.01,551.65,292,259.65,47.07,Delivered,2024-05-11,Website
OI000734,O00441,P005,1,699,10,629.1,Retinol 0.3% Face Serum,Serum,Normal / Dry,699,318,381,54.51,629.1,318,311.1,49.45,Delivered,2025-02-05,Mobile App
OI000735,O00441,P002,1,599,15,509.15,10% Niacinamide Face Serum,Serum,Oily / Combination,599,265,334,55.76,509.15,265,244.14999999999998,47.95,Delivered,2025-02-05,Mobile App
OI000736,O00441,P010,2,399,0,798.0,Vitamin B5 Moisturizer,Moisturizer,All Skin Types,399,162,237,59.4,798.0,324,474.0,59.4,Delivered,2025-02-05,Mobile App
OI000737,O00442,P005,2,699,15,1188.3,Retinol 0.3% Face Serum,Serum,Normal / Dry,699,318,381,54.51,1188.3,636,552.3,46.48,Delivered,2025-04-09,Mobile App
OI000738,O00443,P014,1,499,5,474.05,SPF 60 PA++++ Sunscreen,Sunscreen,All Skin Types,499,211,288,57.72,474.05,211,263.05,55.49,Delivered,2024-05-27,Website
OI000739,O00444,P002,1,599,20,479.2,10% Niacinamide Face Serum,Serum,Oily / Combination,599,265,334,55.76,479.2,265,214.2,44.7,Delivered,2024-07-31,Website
OI000740,O00444,P016,2,299,0,598.0,Salicylic Acid Face Cleanser,Cleanser,Oily / Acne-Prone,299,117,182,60.87,598.0,234,364.0,60.87,Delivered,2024-07-31,Website
OI000741,O00444,P009,1,349,0,349.0,Ceramide Moisturizer,Moisturizer,Dry / Sensitive,349,145,204,58.45,349.0,145,204.0,58.45,Delivered,2024-07-31,Website
OI000743,O00446,P025,1,599,0,599.0,Bond Repair Shampoo,Hair Care,Hair Care,599,266,333,55.59,599.0,266,333.0,55.59,Delivered,2024-01-31,Website
OI000745,O00448,P003,1,699,15,594.15,Vitamin C 10% Face Serum,Serum,All Skin Types,699,315,384,54.94,594.15,315,279.15,46.98,Delivered,2024-07-16,Mobile App
OI000746,O00448,P020,1,349,10,314.1,Rose Water Hydrating Toner,Toner,All Skin Types,349,139,210,60.17,314.1,139,175.10000000000002,55.75,Delivered,2024-07-16,Mobile App
OI000747,O00448,P014,1,499,5,474.05,SPF 60 PA++++ Sunscreen,Sunscreen,All Skin Types,499,211,288,57.72,474.05,211,263.05,55.49,Delivered,2024-07-16,Mobile App
OI000748,O00448,P004,1,649,0,649.0,Alpha Arbutin 2% Serum,Serum,All Skin Types,649,292,357,55.01,649.0,292,357.0,55.01,Delivered,2024-07-16,Mobile App
OI000750,O00450,P013,1,399,5,379.05,SPF 50 Sunscreen,Sunscreen,All Skin Types,399,168,231,57.89,379.05,168,211.05,55.68,Delivered,2024-11-06,Mobile App
OI000754,O00453,P006,1,599,10,539.1,Hyaluronic Acid 2% Serum,Serum,Dry / Dehydrated,599,258,341,56.93,539.1,258,281.1,52.14,Delivered,2025-10-15,Mobile App
OI000755,O00453,P018,1,349,10,314.1,Glycolic Acid Face Cleanser,Cleanser,Normal / Oily,349,143,206,59.03,314.1,143,171.10000000000002,54.47,Delivered,2025-10-15,Mobile App
OI000758,O00455,P002,1,599,0,599.0,10% Niacinamide Face Serum,Serum,Oily / Combination,599,265,334,55.76,599.0,265,334.0,55.76,Delivered,2024-10-27,Website
OI000759,O00455,P024,1,799,5,759.05,Hair Growth Actives Serum,Hair Care,Scalp Care,799,372,427,53.44,759.05,372,387.04999999999995,50.99,Delivered,2024-10-27,Website
OI000761,O00457,P002,1,599,20,479.2,10% Niacinamide Face Serum,Serum,Oily / Combination,599,265,334,55.76,479.2,265,214.2,44.7,Delivered,2024-10-14,Website
OI000762,O00458,P012,1,449,15,381.65,Marula Oil 5% Moisturizer,Moisturizer,Dry,449,197,252,56.12,381.65,197,184.64999999999998,48.38,Delivered,2025-01-21,Website
OI000765,O00460,P005,1,699,5,664.05,Retinol 0.3% Face Serum,Serum,Normal / Dry,699,318,381,54.51,664.05,318,346.04999999999995,52.11,Delivered,2025-11-08,Mobile App
OI000766,O00461,P012,1,449,5,426.55,Marula Oil 5% Moisturizer,Moisturizer,Dry,449,197,252,56.12,426.55,197,229.55,53.82,Delivered,2025-03-08,Website
OI000767,O00461,P003,1,699,0,699.0,Vitamin C 10% Face Serum,Serum,All Skin Types,699,315,384,54.94,699.0,315,384.0,54.94,Delivered,2025-03-08,Website
OI000768,O00462,P009,1,349,15,296.65,Ceramide Moisturizer,Moisturizer,Dry / Sensitive,349,145,204,58.45,296.65,145,151.64999999999998,51.12,Delivered,2024-03-08,Mobile App
OI000769,O00463,P018,1,349,0,349.0,Glycolic Acid Face Cleanser,Cleanser,Normal / Oily,349,143,206,59.03,349.0,143,206.0,59.03,Delivered,2025-09-02,Marketplace
OI000770,O00463,P023,1,499,0,499.0,Anti-Dandruff Shampoo,Hair Care,Scalp Care,499,221,278,55.71,499.0,221,278.0,55.71,Delivered,2025-09-02,Marketplace
OI000771,O00464,P011,1,349,20,279.2,Sepicalm 3% Moisturizer,Moisturizer,Sensitive,349,148,201,57.59,279.2,148,131.2,46.99,Delivered,2024-11-06,Website
OI000781,O00470,P002,1,599,10,539.1,10% Niacinamide Face Serum,Serum,Oily / Combination,599,265,334,55.76,539.1,265,274.1,50.84,Delivered,2024-06-02,Website
OI000782,O00471,P008,1,799,20,639.2,Granactive Retinoid 2% Serum,Serum,Normal / Mature,799,358,441,55.19,639.2,358,281.20000000000005,43.99,Delivered,2025-05-15,Website
OI000783,O00472,P007,1,699,15,594.15,AHA BHA 10% Exfoliating Serum,Serum,Oily / Combination,699,322,377,53.93,594.15,322,272.15,45.8,Delivered,2024-03-29,Website
OI000784,O00472,P001,1,549,5,521.55,2% Salicylic Acid Face Serum,Serum,Oily / Acne-Prone,549,247,302,55.01,521.55,247,274.54999999999995,52.64,Delivered,2024-03-29,Website
OI000785,O00472,P026,2,449,20,718.4,Body Lotion with Niacinamide,Body Care,All Skin Types,449,182,267,59.47,718.4,364,354.4,49.33,Delivered,2024-03-29,Website
OI000788,O00474,P017,1,299,15,254.15,Oat Extract Gentle Cleanser,Cleanser,Sensitive / Dry,299,121,178,59.53,254.15,121,133.15,52.39,Delivered,2025-07-12,Website
OI000789,O00475,P012,1,449,10,404.1,Marula Oil 5% Moisturizer,Moisturizer,Dry,449,197,252,56.12,404.1,197,207.10000000000002,51.25,Delivered,2025-01-22,Website
OI000791,O00477,P012,1,449,10,404.1,Marula Oil 5% Moisturizer,Moisturizer,Dry,449,197,252,56.12,404.1,197,207.10000000000002,51.25,Delivered,2024-10-24,Website
OI000792,O00477,P017,1,299,25,224.25,Oat Extract Gentle Cleanser,Cleanser,Sensitive / Dry,299,121,178,59.53,224.25,121,103.25,46.04,Delivered,2024-10-24,Website
OI000793,O00478,P016,1,299,0,299.0,Salicylic Acid Face Cleanser,Cleanser,Oily / Acne-Prone,299,117,182,60.87,299.0,117,182.0,60.87,Delivered,2024-06-07,Website
OI000794,O00479,P028,2,249,15,423.3,Lip Balm SPF 30,Lip Care,All Skin Types,249,92,157,63.05,423.3,184,239.3,56.53,Delivered,2024-08-18,Website
OI000795,O00480,P016,1,299,10,269.1,Salicylic Acid Face Cleanser,Cleanser,Oily / Acne-Prone,299,117,182,60.87,269.1,117,152.10000000000002,56.52,Delivered,2025-11-04,Website
OI000796,O00480,P004,1,649,5,616.55,Alpha Arbutin 2% Serum,Serum,All Skin Types,649,292,357,55.01,616.55,292,324.54999999999995,52.64,Delivered,2025-11-04,Website
OI000797,O00481,P010,1,399,10,359.1,Vitamin B5 Moisturizer,Moisturizer,All Skin Types,399,162,237,59.4,359.1,162,197.10000000000002,54.89,Delivered,2025-01-11,Website
OI000798,O00482,P003,2,699,10,1258.2,Vitamin C 10% Face Serum,Serum,All Skin Types,699,315,384,54.94,1258.2,630,628.2,49.93,Delivered,2025-10-22,Marketplace
OI000799,O00483,P020,1,349,5,331.55,Rose Water Hydrating Toner,Toner,All Skin Types,349,139,210,60.17,331.55,139,192.55,58.08,Delivered,2025-10-17,Website
OI000800,O00483,P007,1,699,20,559.2,AHA BHA 10% Exfoliating Serum,Serum,Oily / Combination,699,322,377,53.93,559.2,322,237.20000000000005,42.42,Delivered,2025-10-17,Website
OI000801,O00484,P027,1,399,10,359.1,Body Wash with Salicylic Acid,Body Care,Oily / Acne-Prone,399,159,240,60.15,359.1,159,200.10000000000002,55.72,Delivered,2025-12-26,Website
OI000802,O00485,P018,2,349,0,698.0,Glycolic Acid Face Cleanser,Cleanser,Normal / Oily,349,143,206,59.03,698.0,286,412.0,59.03,Delivered,2025-05-26,Marketplace
OI000803,O00485,P006,2,599,15,1018.3,Hyaluronic Acid 2% Serum,Serum,Dry / Dehydrated,599,258,341,56.93,1018.3,516,502.29999999999995,49.33,Delivered,2025-05-26,Marketplace
OI000806,O00487,P014,1,499,10,449.1,SPF 60 PA++++ Sunscreen,Sunscreen,All Skin Types,499,211,288,57.72,449.1,211,238.10000000000002,53.02,Delivered,2024-08-18,Mobile App
OI000807,O00488,P012,1,449,15,381.65,Marula Oil 5% Moisturizer,Moisturizer,Dry,449,197,252,56.12,381.65,197,184.64999999999998,48.38,Delivered,2025-07-13,Marketplace
OI000808,O00488,P004,1,649,5,616.55,Alpha Arbutin 2% Serum,Serum,All Skin Types,649,292,357,55.01,616.55,292,324.54999999999995,52.64,Delivered,2025-07-13,Marketplace
OI000809,O00489,P012,1,449,10,404.1,Marula Oil 5% Moisturizer,Moisturizer,Dry,449,197,252,56.12,404.1,197,207.10000000000002,51.25,Delivered,2024-03-09,Mobile App
OI000810,O00490,P013,1,399,10,359.1,SPF 50 Sunscreen,Sunscreen,All Skin Types,399,168,231,57.89,359.1,168,191.10000000000002,53.22,Delivered,2024-09-14,Website
OI000812,O00492,P012,2,449,10,808.2,Marula Oil 5% Moisturizer,Moisturizer,Dry,449,197,252,56.12,808.2,394,414.20000000000005,51.25,Delivered,2025-07-14,Marketplace
OI000813,O00493,P024,1,799,0,799.0,Hair Growth Actives Serum,Hair Care,Scalp Care,799,372,427,53.44,799.0,372,427.0,53.44,Delivered,2024-02-06,Mobile App
OI000814,O00493,P011,1,349,5,331.55,Sepicalm 3% Moisturizer,Moisturizer,Sensitive,349,148,201,57.59,331.55,148,183.55,55.36,Delivered,2024-02-06,Mobile App
OI000815,O00493,P003,1,699,10,629.1,Vitamin C 10% Face Serum,Serum,All Skin Types,699,315,384,54.94,629.1,315,314.1,49.93,Delivered,2024-02-06,Mobile App
OI000816,O00494,P009,1,349,10,314.1,Ceramide Moisturizer,Moisturizer,Dry / Sensitive,349,145,204,58.45,314.1,145,169.10000000000002,53.84,Delivered,2024-01-22,Website
OI000817,O00494,P016,1,299,5,284.05,Salicylic Acid Face Cleanser,Cleanser,Oily / Acne-Prone,299,117,182,60.87,284.05,117,167.05,58.81,Delivered,2024-01-22,Website
OI000818,O00495,P006,1,599,5,569.05,Hyaluronic Acid 2% Serum,Serum,Dry / Dehydrated,599,258,341,56.93,569.05,258,311.04999999999995,54.66,Delivered,2025-09-22,Website
OI000819,O00496,P001,1,549,10,494.1,2% Salicylic Acid Face Serum,Serum,Oily / Acne-Prone,549,247,302,55.01,494.1,247,247.10000000000002,50.01,Delivered,2024-08-13,Website
OI000820,O00497,P005,2,699,5,1328.1,Retinol 0.3% Face Serum,Serum,Normal / Dry,699,318,381,54.51,1328.1,636,692.0999999999999,52.11,Delivered,2025-08-13,Website
OI000821,O00497,P017,1,299,10,269.1,Oat Extract Gentle Cleanser,Cleanser,Sensitive / Dry,299,121,178,59.53,269.1,121,148.10000000000002,55.04,Delivered,2025-08-13,Website
OI000822,O00497,P026,1,449,15,381.65,Body Lotion with Niacinamide,Body Care,All Skin Types,449,182,267,59.47,381.65,182,199.64999999999998,52.31,Delivered,2025-08-13,Website
OI000823,O00498,P021,1,399,25,299.25,Caffeine Under Eye Cream,Eye Care,All Skin Types,399,157,242,60.65,299.25,157,142.25,47.54,Delivered,2024-10-30,Website
OI000824,O00499,P007,1,699,10,629.1,AHA BHA 10% Exfoliating Serum,Serum,Oily / Combination,699,322,377,53.93,629.1,322,307.1,48.82,Delivered,2024-08-14,Mobile App
OI000825,O00500,P025,2,599,15,1018.3,Bond Repair Shampoo,Hair Care,Hair Care,599,266,333,55.59,1018.3,532,486.29999999999995,47.76,Delivered,2024-11-05,Website
OI000826,O00500,P025,1,599,15,509.15,Bond Repair Shampoo,Hair Care,Hair Care,599,266,333,55.59,509.15,266,243.14999999999998,47.76,Delivered,2024-11-05,Website
OI000828,O00502,P021,2,399,0,798.0,Caffeine Under Eye Cream,Eye Care,All Skin Types,399,157,242,60.65,798.0,314,484.0,60.65,Delivered,2025-01-28,Website
OI000829,O00503,P021,1,399,10,359.1,Caffeine Under Eye Cream,Eye Care,All Skin Types,399,157,242,60.65,359.1,157,202.10000000000002,56.28,Delivered,2025-08-07,Mobile App
OI000830,O00503,P014,1,499,5,474.05,SPF 60 PA++++ Sunscreen,Sunscreen,All Skin Types,499,211,288,57.72,474.05,211,263.05,55.49,Delivered,2025-08-07,Mobile App
OI000832,O00505,P024,1,799,10,719.1,Hair Growth Actives Serum,Hair Care,Scalp Care,799,372,427,53.44,719.1,372,347.1,48.27,Delivered,2025-07-18,Mobile App
OI000833,O00506,P017,1,299,15,254.15,Oat Extract Gentle Cleanser,Cleanser,Sensitive / Dry,299,121,178,59.53,254.15,121,133.15,52.39,Delivered,2024-08-12,Mobile App
OI000834,O00507,P008,1,799,15,679.15,Granactive Retinoid 2% Serum,Serum,Normal / Mature,799,358,441,55.19,679.15,358,321.15,47.29,Delivered,2024-08-28,Website
OI000835,O00508,P015,2,449,0,898.0,Aqualogica Lightweight Sunscreen,Sunscreen,Oily / Combination,449,192,257,57.24,898.0,384,514.0,57.24,Delivered,2025-01-03,Website
OI000836,O00508,P004,1,649,15,551.65,Alpha Arbutin 2% Serum,Serum,All Skin Types,649,292,357,55.01,551.65,292,259.65,47.07,Delivered,2025-01-03,Website
OI000837,O00508,P001,1,549,15,466.65,2% Salicylic Acid Face Serum,Serum,Oily / Acne-Prone,549,247,302,55.01,466.65,247,219.64999999999998,47.07,Delivered,2025-01-03,Website
OI000838,O00508,P026,1,449,10,404.1,Body Lotion with Niacinamide,Body Care,All Skin Types,449,182,267,59.47,404.1,182,222.10000000000002,54.96,Delivered,2025-01-03,Website
OI000839,O00509,P013,2,399,15,678.3,SPF 50 Sunscreen,Sunscreen,All Skin Types,399,168,231,57.89,678.3,336,342.29999999999995,50.46,Delivered,2024-08-13,Mobile App
OI000840,O00509,P003,1,699,10,629.1,Vitamin C 10% Face Serum,Serum,All Skin Types,699,315,384,54.94,629.1,315,314.1,49.93,Delivered,2024-08-13,Mobile App
OI000841,O00510,P028,1,249,10,224.1,Lip Balm SPF 30,Lip Care,All Skin Types,249,92,157,63.05,224.1,92,132.1,58.95,Delivered,2024-09-06,Website
OI000842,O00511,P026,1,449,10,404.1,Body Lotion with Niacinamide,Body Care,All Skin Types,449,182,267,59.47,404.1,182,222.10000000000002,54.96,Delivered,2025-09-11,Mobile App
OI000843,O00511,P006,2,599,5,1138.1,Hyaluronic Acid 2% Serum,Serum,Dry / Dehydrated,599,258,341,56.93,1138.1,516,622.0999999999999,54.66,Delivered,2025-09-11,Mobile App
OI000844,O00511,P025,1,599,5,569.05,Bond Repair Shampoo,Hair Care,Hair Care,599,266,333,55.59,569.05,266,303.04999999999995,53.26,Delivered,2025-09-11,Mobile App
OI000845,O00511,P016,1,299,0,299.0,Salicylic Acid Face Cleanser,Cleanser,Oily / Acne-Prone,299,117,182,60.87,299.0,117,182.0,60.87,Delivered,2025-09-11,Mobile App
OI000846,O00512,P026,1,449,0,449.0,Body Lotion with Niacinamide,Body Care,All Skin Types,449,182,267,59.47,449.0,182,267.0,59.47,Delivered,2024-07-03,Website
OI000848,O00514,P017,1,299,10,269.1,Oat Extract Gentle Cleanser,Cleanser,Sensitive / Dry,299,121,178,59.53,269.1,121,148.10000000000002,55.04,Delivered,2025-04-04,Website
OI000849,O00514,P018,2,349,10,628.2,Glycolic Acid Face Cleanser,Cleanser,Normal / Oily,349,143,206,59.03,628.2,286,342.20000000000005,54.47,Delivered,2025-04-04,Website
OI000850,O00515,P007,1,699,10,629.1,AHA BHA 10% Exfoliating Serum,Serum,Oily / Combination,699,322,377,53.93,629.1,322,307.1,48.82,Delivered,2024-11-24,Marketplace
OI000851,O00516,P018,1,349,10,314.1,Glycolic Acid Face Cleanser,Cleanser,Normal / Oily,349,143,206,59.03,314.1,143,171.10000000000002,54.47,Delivered,2024-10-19,Website
OI000852,O00516,P028,1,249,10,224.1,Lip Balm SPF 30,Lip Care,All Skin Types,249,92,157,63.05,224.1,92,132.1,58.95,Delivered,2024-10-19,Website
OI000856,O00518,P010,1,399,20,319.2,Vitamin B5 Moisturizer,Moisturizer,All Skin Types,399,162,237,59.4,319.2,162,157.2,49.25,Delivered,2025-04-09,Mobile App
OI000857,O00519,P019,1,399,5,379.05,PHA 3% Alcohol-Free Toner,Toner,Sensitive,399,166,233,58.4,379.05,166,213.05,56.21,Delivered,2024-03-17,Mobile App
OI000859,O00521,P007,2,699,25,1048.5,AHA BHA 10% Exfoliating Serum,Serum,Oily / Combination,699,322,377,53.93,1048.5,644,404.5,38.58,Delivered,2024-08-13,Mobile App
OI000860,O00521,P005,2,699,15,1188.3,Retinol 0.3% Face Serum,Serum,Normal / Dry,699,318,381,54.51,1188.3,636,552.3,46.48,Delivered,2024-08-13,Mobile App
OI000861,O00522,P016,1,299,5,284.05,Salicylic Acid Face Cleanser,Cleanser,Oily / Acne-Prone,299,117,182,60.87,284.05,117,167.05,58.81,Delivered,2025-12-05,Mobile App
OI000862,O00523,P024,1,799,5,759.05,Hair Growth Actives Serum,Hair Care,Scalp Care,799,372,427,53.44,759.05,372,387.04999999999995,50.99,Delivered,2025-10-07,Website
OI000863,O00524,P022,1,499,0,499.0,Multi-Peptide Eye Cream,Eye Care,Mature / Dry,499,218,281,56.31,499.0,218,281.0,56.31,Delivered,2024-11-22,Website
OI000864,O00524,P023,1,499,5,474.05,Anti-Dandruff Shampoo,Hair Care,Scalp Care,499,221,278,55.71,474.05,221,253.05,53.38,Delivered,2024-11-22,Website
OI000865,O00524,P014,2,499,5,948.1,SPF 60 PA++++ Sunscreen,Sunscreen,All Skin Types,499,211,288,57.72,948.1,422,526.1,55.49,Delivered,2024-11-22,Website
OI000866,O00525,P015,1,449,10,404.1,Aqualogica Lightweight Sunscreen,Sunscreen,Oily / Combination,449,192,257,57.24,404.1,192,212.10000000000002,52.49,Delivered,2025-03-28,Website
OI000867,O00526,P009,2,349,5,663.1,Ceramide Moisturizer,Moisturizer,Dry / Sensitive,349,145,204,58.45,663.1,290,373.1,56.27,Delivered,2025-09-20,Marketplace
OI000868,O00527,P023,1,499,15,424.15,Anti-Dandruff Shampoo,Hair Care,Scalp Care,499,221,278,55.71,424.15,221,203.14999999999998,47.9,Delivered,2024-02-20,Website
OI000869,O00528,P007,1,699,10,629.1,AHA BHA 10% Exfoliating Serum,Serum,Oily / Combination,699,322,377,53.93,629.1,322,307.1,48.82,Delivered,2024-01-21,Mobile App
OI000872,O00530,P001,1,549,5,521.55,2% Salicylic Acid Face Serum,Serum,Oily / Acne-Prone,549,247,302,55.01,521.55,247,274.54999999999995,52.64,Delivered,2025-02-04,Website
OI000873,O00531,P017,1,299,5,284.05,Oat Extract Gentle Cleanser,Cleanser,Sensitive / Dry,299,121,178,59.53,284.05,121,163.05,57.4,Delivered,2024-10-25,Website
OI000874,O00532,P010,1,399,5,379.05,Vitamin B5 Moisturizer,Moisturizer,All Skin Types,399,162,237,59.4,379.05,162,217.05,57.26,Delivered,2025-07-13,Website
OI000875,O00532,P011,1,349,10,314.1,Sepicalm 3% Moisturizer,Moisturizer,Sensitive,349,148,201,57.59,314.1,148,166.10000000000002,52.88,Delivered,2025-07-13,Website
OI000876,O00533,P019,1,399,5,379.05,PHA 3% Alcohol-Free Toner,Toner,Sensitive,399,166,233,58.4,379.05,166,213.05,56.21,Delivered,2025-02-16,Mobile App
OI000877,O00534,P008,1,799,20,639.2,Granactive Retinoid 2% Serum,Serum,Normal / Mature,799,358,441,55.19,639.2,358,281.20000000000005,43.99,Delivered,2024-08-02,Website
OI000878,O00534,P017,3,299,0,897.0,Oat Extract Gentle Cleanser,Cleanser,Sensitive / Dry,299,121,178,59.53,897.0,363,534.0,59.53,Delivered,2024-08-02,Website
OI000879,O00535,P028,1,249,5,236.55,Lip Balm SPF 30,Lip Care,All Skin Types,249,92,157,63.05,236.55,92,144.55,61.11,Delivered,2024-05-10,Website
OI000880,O00536,P024,1,799,20,639.2,Hair Growth Actives Serum,Hair Care,Scalp Care,799,372,427,53.44,639.2,372,267.20000000000005,41.8,Delivered,2025-07-14,Marketplace
OI000881,O00536,P006,1,599,0,599.0,Hyaluronic Acid 2% Serum,Serum,Dry / Dehydrated,599,258,341,56.93,599.0,258,341.0,56.93,Delivered,2025-07-14,Marketplace
OI000882,O00537,P008,1,799,25,599.25,Granactive Retinoid 2% Serum,Serum,Normal / Mature,799,358,441,55.19,599.25,358,241.25,40.26,Delivered,2025-09-20,Website
OI000883,O00538,P017,1,299,0,299.0,Oat Extract Gentle Cleanser,Cleanser,Sensitive / Dry,299,121,178,59.53,299.0,121,178.0,59.53,Delivered,2024-01-11,Marketplace
OI000884,O00539,P021,2,399,10,718.2,Caffeine Under Eye Cream,Eye Care,All Skin Types,399,157,242,60.65,718.2,314,404.20000000000005,56.28,Delivered,2025-10-13,Marketplace
OI000885,O00540,P005,1,699,10,629.1,Retinol 0.3% Face Serum,Serum,Normal / Dry,699,318,381,54.51,629.1,318,311.1,49.45,Delivered,2024-09-17,Mobile App
OI000886,O00541,P024,1,799,0,799.0,Hair Growth Actives Serum,Hair Care,Scalp Care,799,372,427,53.44,799.0,372,427.0,53.44,Delivered,2025-01-27,Website
OI000887,O00541,P016,2,299,25,448.5,Salicylic Acid Face Cleanser,Cleanser,Oily / Acne-Prone,299,117,182,60.87,448.5,234,214.5,47.83,Delivered,2025-01-27,Website
OI000888,O00542,P010,1,399,15,339.15,Vitamin B5 Moisturizer,Moisturizer,All Skin Types,399,162,237,59.4,339.15,162,177.14999999999998,52.23,Delivered,2024-08-15,Website
OI000889,O00542,P011,1,349,5,331.55,Sepicalm 3% Moisturizer,Moisturizer,Sensitive,349,148,201,57.59,331.55,148,183.55,55.36,Delivered,2024-08-15,Website
OI000892,O00544,P008,2,799,10,1438.2,Granactive Retinoid 2% Serum,Serum,Normal / Mature,799,358,441,55.19,1438.2,716,722.2,50.22,Delivered,2025-10-15,Website
OI000893,O00544,P025,1,599,5,569.05,Bond Repair Shampoo,Hair Care,Hair Care,599,266,333,55.59,569.05,266,303.04999999999995,53.26,Delivered,2025-10-15,Website
OI000894,O00545,P001,1,549,10,494.1,2% Salicylic Acid Face Serum,Serum,Oily / Acne-Prone,549,247,302,55.01,494.1,247,247.10000000000002,50.01,Delivered,2024-02-14,Website
OI000895,O00545,P017,1,299,0,299.0,Oat Extract Gentle Cleanser,Cleanser,Sensitive / Dry,299,121,178,59.53,299.0,121,178.0,59.53,Delivered,2024-02-14,Website
OI000899,O00547,P016,2,299,10,538.2,Salicylic Acid Face Cleanser,Cleanser,Oily / Acne-Prone,299,117,182,60.87,538.2,234,304.20000000000005,56.52,Delivered,2025-08-15,Website
OI000900,O00547,P002,1,599,0,599.0,10% Niacinamide Face Serum,Serum,Oily / Combination,599,265,334,55.76,599.0,265,334.0,55.76,Delivered,2025-08-15,Website
OI000902,O00549,P019,1,399,15,339.15,PHA 3% Alcohol-Free Toner,Toner,Sensitive,399,166,233,58.4,339.15,166,173.14999999999998,51.05,Delivered,2024-08-12,Mobile App
OI000903,O00549,P020,1,349,15,296.65,Rose Water Hydrating Toner,Toner,All Skin Types,349,139,210,60.17,296.65,139,157.64999999999998,53.14,Delivered,2024-08-12,Mobile App
OI000904,O00549,P005,1,699,20,559.2,Retinol 0.3% Face Serum,Serum,Normal / Dry,699,318,381,54.51,559.2,318,241.20000000000005,43.13,Delivered,2024-08-12,Mobile App
OI000905,O00549,P009,1,349,15,296.65,Ceramide Moisturizer,Moisturizer,Dry / Sensitive,349,145,204,58.45,296.65,145,151.64999999999998,51.12,Delivered,2024-08-12,Mobile App
OI000912,O00552,P004,1,649,5,616.55,Alpha Arbutin 2% Serum,Serum,All Skin Types,649,292,357,55.01,616.55,292,324.54999999999995,52.64,Delivered,2024-08-03,Website
OI000913,O00552,P003,1,699,10,629.1,Vitamin C 10% Face Serum,Serum,All Skin Types,699,315,384,54.94,629.1,315,314.1,49.93,Delivered,2024-08-03,Website
OI000914,O00553,P003,1,699,10,629.1,Vitamin C 10% Face Serum,Serum,All Skin Types,699,315,384,54.94,629.1,315,314.1,49.93,Delivered,2025-01-02,Website
OI000915,O00553,P025,1,599,0,599.0,Bond Repair Shampoo,Hair Care,Hair Care,599,266,333,55.59,599.0,266,333.0,55.59,Delivered,2025-01-02,Website
OI000916,O00554,P028,2,249,15,423.3,Lip Balm SPF 30,Lip Care,All Skin Types,249,92,157,63.05,423.3,184,239.3,56.53,Delivered,2024-09-06,Mobile App
OI000918,O00556,P006,1,599,0,599.0,Hyaluronic Acid 2% Serum,Serum,Dry / Dehydrated,599,258,341,56.93,599.0,258,341.0,56.93,Delivered,2024-08-20,Website
OI000919,O00557,P011,1,349,10,314.1,Sepicalm 3% Moisturizer,Moisturizer,Sensitive,349,148,201,57.59,314.1,148,166.10000000000002,52.88,Delivered,2024-10-27,Website
OI000920,O00558,P002,1,599,15,509.15,10% Niacinamide Face Serum,Serum,Oily / Combination,599,265,334,55.76,509.15,265,244.14999999999998,47.95,Delivered,2024-11-30,Website
OI000921,O00559,P025,1,599,0,599.0,Bond Repair Shampoo,Hair Care,Hair Care,599,266,333,55.59,599.0,266,333.0,55.59,Delivered,2024-08-28,Mobile App
OI000922,O00559,P015,1,449,5,426.55,Aqualogica Lightweight Sunscreen,Sunscreen,Oily / Combination,449,192,257,57.24,426.55,192,234.55,54.99,Delivered,2024-08-28,Mobile App
OI000923,O00560,P010,2,399,10,718.2,Vitamin B5 Moisturizer,Moisturizer,All Skin Types,399,162,237,59.4,718.2,324,394.20000000000005,54.89,Delivered,2024-06-03,Website
OI000924,O00560,P004,1,649,15,551.65,Alpha Arbutin 2% Serum,Serum,All Skin Types,649,292,357,55.01,551.65,292,259.65,47.07,Delivered,2024-06-03,Website
OI000925,O00560,P016,1,299,20,239.2,Salicylic Acid Face Cleanser,Cleanser,Oily / Acne-Prone,299,117,182,60.87,239.2,117,122.19999999999999,51.09,Delivered,2024-06-03,Website
OI000926,O00561,P007,1,699,10,629.1,AHA BHA 10% Exfoliating Serum,Serum,Oily / Combination,699,322,377,53.93,629.1,322,307.1,48.82,Delivered,2025-12-03,Website
OI000927,O00561,P006,2,599,10,1078.2,Hyaluronic Acid 2% Serum,Serum,Dry / Dehydrated,599,258,341,56.93,1078.2,516,562.2,52.14,Delivered,2025-12-03,Website
OI000928,O00562,P024,1,799,20,639.2,Hair Growth Actives Serum,Hair Care,Scalp Care,799,372,427,53.44,639.2,372,267.20000000000005,41.8,Delivered,2025-07-01,Website
OI000929,O00562,P002,1,599,5,569.05,10% Niacinamide Face Serum,Serum,Oily / Combination,599,265,334,55.76,569.05,265,304.04999999999995,53.43,Delivered,2025-07-01,Website
OI000930,O00563,P002,1,599,5,569.05,10% Niacinamide Face Serum,Serum,Oily / Combination,599,265,334,55.76,569.05,265,304.04999999999995,53.43,Delivered,2025-04-10,Mobile App
OI000931,O00564,P018,1,349,5,331.55,Glycolic Acid Face Cleanser,Cleanser,Normal / Oily,349,143,206,59.03,331.55,143,188.55,56.87,Delivered,2024-12-31,Website
OI000932,O00565,P026,1,449,5,426.55,Body Lotion with Niacinamide,Body Care,All Skin Types,449,182,267,59.47,426.55,182,244.55,57.33,Delivered,2024-10-08,Marketplace
OI000933,O00565,P021,1,399,10,359.1,Caffeine Under Eye Cream,Eye Care,All Skin Types,399,157,242,60.65,359.1,157,202.10000000000002,56.28,Delivered,2024-10-08,Marketplace
OI000934,O00565,P014,1,499,15,424.15,SPF 60 PA++++ Sunscreen,Sunscreen,All Skin Types,499,211,288,57.72,424.15,211,213.14999999999998,50.25,Delivered,2024-10-08,Marketplace
OI000935,O00566,P018,1,349,15,296.65,Glycolic Acid Face Cleanser,Cleanser,Normal / Oily,349,143,206,59.03,296.65,143,153.64999999999998,51.8,Delivered,2024-03-21,Website
OI000936,O00567,P014,1,499,20,399.2,SPF 60 PA++++ Sunscreen,Sunscreen,All Skin Types,499,211,288,57.72,399.2,211,188.2,47.14,Delivered,2024-11-06,Mobile App
OI000937,O00568,P010,1,399,5,379.05,Vitamin B5 Moisturizer,Moisturizer,All Skin Types,399,162,237,59.4,379.05,162,217.05,57.26,Delivered,2025-05-28,Mobile App
OI000938,O00569,P007,1,699,15,594.15,AHA BHA 10% Exfoliating Serum,Serum,Oily / Combination,699,322,377,53.93,594.15,322,272.15,45.8,Delivered,2025-10-12,Website
OI000939,O00570,P004,1,649,10,584.1,Alpha Arbutin 2% Serum,Serum,All Skin Types,649,292,357,55.01,584.1,292,292.1,50.01,Delivered,2025-02-02,Website
OI000940,O00570,P023,1,499,5,474.05,Anti-Dandruff Shampoo,Hair Care,Scalp Care,499,221,278,55.71,474.05,221,253.05,53.38,Delivered,2025-02-02,Website
OI000941,O00571,P009,1,349,10,314.1,Ceramide Moisturizer,Moisturizer,Dry / Sensitive,349,145,204,58.45,314.1,145,169.10000000000002,53.84,Delivered,2024-03-21,Website
OI000942,O00571,P007,1,699,5,664.05,AHA BHA 10% Exfoliating Serum,Serum,Oily / Combination,699,322,377,53.93,664.05,322,342.04999999999995,51.51,Delivered,2024-03-21,Website
OI000943,O00571,P008,1,799,25,599.25,Granactive Retinoid 2% Serum,Serum,Normal / Mature,799,358,441,55.19,599.25,358,241.25,40.26,Delivered,2024-03-21,Website
OI000944,O00571,P016,1,299,25,224.25,Salicylic Acid Face Cleanser,Cleanser,Oily / Acne-Prone,299,117,182,60.87,224.25,117,107.25,47.83,Delivered,2024-03-21,Website
OI000945,O00572,P005,3,699,10,1887.3,Retinol 0.3% Face Serum,Serum,Normal / Dry,699,318,381,54.51,1887.3,954,933.3,49.45,Delivered,2025-01-19,Mobile App
OI000946,O00573,P024,3,799,15,2037.45,Hair Growth Actives Serum,Hair Care,Scalp Care,799,372,427,53.44,2037.45,1116,921.45,45.23,Delivered,2024-08-10,Website
OI000947,O00574,P026,1,449,5,426.55,Body Lotion with Niacinamide,Body Care,All Skin Types,449,182,267,59.47,426.55,182,244.55,57.33,Delivered,2024-08-18,Mobile App
OI000948,O00575,P004,1,649,5,616.55,Alpha Arbutin 2% Serum,Serum,All Skin Types,649,292,357,55.01,616.55,292,324.54999999999995,52.64,Delivered,2024-06-25,Website
OI000951,O00577,P001,1,549,10,494.1,2% Salicylic Acid Face Serum,Serum,Oily / Acne-Prone,549,247,302,55.01,494.1,247,247.10000000000002,50.01,Delivered,2024-06-28,Website
OI000952,O00578,P025,1,599,10,539.1,Bond Repair Shampoo,Hair Care,Hair Care,599,266,333,55.59,539.1,266,273.1,50.66,Delivered,2024-06-30,Mobile App
OI000955,O00580,P006,1,599,15,509.15,Hyaluronic Acid 2% Serum,Serum,Dry / Dehydrated,599,258,341,56.93,509.15,258,251.14999999999998,49.33,Delivered,2024-06-22,Website
OI000956,O00581,P006,1,599,0,599.0,Hyaluronic Acid 2% Serum,Serum,Dry / Dehydrated,599,258,341,56.93,599.0,258,341.0,56.93,Delivered,2024-09-23,Website
OI000957,O00582,P021,1,399,10,359.1,Caffeine Under Eye Cream,Eye Care,All Skin Types,399,157,242,60.65,359.1,157,202.10000000000002,56.28,Delivered,2024-06-11,Mobile App
OI000958,O00583,P015,1,449,5,426.55,Aqualogica Lightweight Sunscreen,Sunscreen,Oily / Combination,449,192,257,57.24,426.55,192,234.55,54.99,Delivered,2024-01-13,Marketplace
OI000960,O00585,P022,1,499,5,474.05,Multi-Peptide Eye Cream,Eye Care,Mature / Dry,499,218,281,56.31,474.05,218,256.05,54.01,Delivered,2024-05-02,Marketplace
OI000961,O00585,P023,1,499,10,449.1,Anti-Dandruff Shampoo,Hair Care,Scalp Care,499,221,278,55.71,449.1,221,228.10000000000002,50.79,Delivered,2024-05-02,Marketplace
OI000962,O00585,P020,1,349,0,349.0,Rose Water Hydrating Toner,Toner,All Skin Types,349,139,210,60.17,349.0,139,210.0,60.17,Delivered,2024-05-02,Marketplace
OI000963,O00586,P018,1,349,10,314.1,Glycolic Acid Face Cleanser,Cleanser,Normal / Oily,349,143,206,59.03,314.1,143,171.10000000000002,54.47,Delivered,2024-03-22,Website
OI000964,O00587,P025,1,599,5,569.05,Bond Repair Shampoo,Hair Care,Hair Care,599,266,333,55.59,569.05,266,303.04999999999995,53.26,Delivered,2024-02-11,Mobile App
OI000965,O00587,P025,1,599,5,569.05,Bond Repair Shampoo,Hair Care,Hair Care,599,266,333,55.59,569.05,266,303.04999999999995,53.26,Delivered,2024-02-11,Mobile App
OI000966,O00588,P010,1,399,0,399.0,Vitamin B5 Moisturizer,Moisturizer,All Skin Types,399,162,237,59.4,399.0,162,237.0,59.4,Delivered,2025-07-03,Website
OI000969,O00590,P007,1,699,10,629.1,AHA BHA 10% Exfoliating Serum,Serum,Oily / Combination,699,322,377,53.93,629.1,322,307.1,48.82,Delivered,2024-10-04,Website
OI000970,O00590,P024,1,799,10,719.1,Hair Growth Actives Serum,Hair Care,Scalp Care,799,372,427,53.44,719.1,372,347.1,48.27,Delivered,2024-10-04,Website
OI000971,O00590,P006,3,599,20,1437.6,Hyaluronic Acid 2% Serum,Serum,Dry / Dehydrated,599,258,341,56.93,1437.6,774,663.5999999999999,46.16,Delivered,2024-10-04,Website
OI000972,O00591,P016,2,299,0,598.0,Salicylic Acid Face Cleanser,Cleanser,Oily / Acne-Prone,299,117,182,60.87,598.0,234,364.0,60.87,Delivered,2024-03-08,Mobile App
OI000974,O00593,P007,1,699,15,594.15,AHA BHA 10% Exfoliating Serum,Serum,Oily / Combination,699,322,377,53.93,594.15,322,272.15,45.8,Delivered,2025-03-02,Website
OI000975,O00593,P004,1,649,5,616.55,Alpha Arbutin 2% Serum,Serum,All Skin Types,649,292,357,55.01,616.55,292,324.54999999999995,52.64,Delivered,2025-03-02,Website
OI000976,O00593,P008,1,799,5,759.05,Granactive Retinoid 2% Serum,Serum,Normal / Mature,799,358,441,55.19,759.05,358,401.04999999999995,52.84,Delivered,2025-03-02,Website
OI000977,O00594,P007,1,699,15,594.15,AHA BHA 10% Exfoliating Serum,Serum,Oily / Combination,699,322,377,53.93,594.15,322,272.15,45.8,Delivered,2025-04-12,Website
OI000978,O00594,P009,1,349,10,314.1,Ceramide Moisturizer,Moisturizer,Dry / Sensitive,349,145,204,58.45,314.1,145,169.10000000000002,53.84,Delivered,2025-04-12,Website
OI000982,O00596,P007,1,699,0,699.0,AHA BHA 10% Exfoliating Serum,Serum,Oily / Combination,699,322,377,53.93,699.0,322,377.0,53.93,Delivered,2024-03-16,Website
OI000983,O00597,P002,1,599,5,569.05,10% Niacinamide Face Serum,Serum,Oily / Combination,599,265,334,55.76,569.05,265,304.04999999999995,53.43,Delivered,2025-11-07,Website
OI000984,O00597,P020,2,349,20,558.4,Rose Water Hydrating Toner,Toner,All Skin Types,349,139,210,60.17,558.4,278,280.4,50.21,Delivered,2025-11-07,Website
OI000985,O00598,P006,1,599,0,599.0,Hyaluronic Acid 2% Serum,Serum,Dry / Dehydrated,599,258,341,56.93,599.0,258,341.0,56.93,Delivered,2024-11-24,Mobile App
OI000986,O00598,P018,1,349,5,331.55,Glycolic Acid Face Cleanser,Cleanser,Normal / Oily,349,143,206,59.03,331.55,143,188.55,56.87,Delivered,2024-11-24,Mobile App
OI000990,O00601,P016,1,299,5,284.05,Salicylic Acid Face Cleanser,Cleanser,Oily / Acne-Prone,299,117,182,60.87,284.05,117,167.05,58.81,Delivered,2025-12-01,Mobile App
OI000991,O00601,P002,1,599,15,509.15,10% Niacinamide Face Serum,Serum,Oily / Combination,599,265,334,55.76,509.15,265,244.14999999999998,47.95,Delivered,2025-12-01,Mobile App
OI000992,O00602,P005,1,699,5,664.05,Retinol 0.3% Face Serum,Serum,Normal / Dry,699,318,381,54.51,664.05,318,346.04999999999995,52.11,Delivered,2025-09-30,Website
OI000993,O00603,P023,1,499,25,374.25,Anti-Dandruff Shampoo,Hair Care,Scalp Care,499,221,278,55.71,374.25,221,153.25,40.95,Delivered,2024-07-12,Website
OI000994,O00603,P019,1,399,5,379.05,PHA 3% Alcohol-Free Toner,Toner,Sensitive,399,166,233,58.4,379.05,166,213.05,56.21,Delivered,2024-07-12,Website
OI000995,O00604,P027,1,399,20,319.2,Body Wash with Salicylic Acid,Body Care,Oily / Acne-Prone,399,159,240,60.15,319.2,159,160.2,50.19,Delivered,2024-08-10,Marketplace
OI000996,O00605,P012,1,449,20,359.2,Marula Oil 5% Moisturizer,Moisturizer,Dry,449,197,252,56.12,359.2,197,162.2,45.16,Delivered,2025-01-24,Website
OI000997,O00605,P004,1,649,5,616.55,Alpha Arbutin 2% Serum,Serum,All Skin Types,649,292,357,55.01,616.55,292,324.54999999999995,52.64,Delivered,2025-01-24,Website
OI000998,O00606,P010,1,399,20,319.2,Vitamin B5 Moisturizer,Moisturizer,All Skin Types,399,162,237,59.4,319.2,162,157.2,49.25,Delivered,2025-05-04,Website
OI000999,O00606,P023,2,499,5,948.1,Anti-Dandruff Shampoo,Hair Care,Scalp Care,499,221,278,55.71,948.1,442,506.1,53.38,Delivered,2025-05-04,Website
OI001001,O00608,P003,1,699,10,629.1,Vitamin C 10% Face Serum,Serum,All Skin Types,699,315,384,54.94,629.1,315,314.1,49.93,Delivered,2025-06-15,Website
OI001002,O00608,P004,2,649,5,1233.1,Alpha Arbutin 2% Serum,Serum,All Skin Types,649,292,357,55.01,1233.1,584,649.0999999999999,52.64,Delivered,2025-06-15,Website
OI001003,O00608,P012,1,449,15,381.65,Marula Oil 5% Moisturizer,Moisturizer,Dry,449,197,252,56.12,381.65,197,184.64999999999998,48.38,Delivered,2025-06-15,Website
OI001004,O00609,P004,1,649,20,519.2,Alpha Arbutin 2% Serum,Serum,All Skin Types,649,292,357,55.01,519.2,292,227.20000000000005,43.76,Delivered,2024-05-27,Mobile App
OI001006,O00611,P014,1,499,15,424.15,SPF 60 PA++++ Sunscreen,Sunscreen,All Skin Types,499,211,288,57.72,424.15,211,213.14999999999998,50.25,Delivered,2025-01-09,Website
OI001007,O00611,P003,1,699,10,629.1,Vitamin C 10% Face Serum,Serum,All Skin Types,699,315,384,54.94,629.1,315,314.1,49.93,Delivered,2025-01-09,Website
OI001008,O00612,P016,1,299,0,299.0,Salicylic Acid Face Cleanser,Cleanser,Oily / Acne-Prone,299,117,182,60.87,299.0,117,182.0,60.87,Delivered,2024-10-26,Website
OI001009,O00612,P012,1,449,10,404.1,Marula Oil 5% Moisturizer,Moisturizer,Dry,449,197,252,56.12,404.1,197,207.10000000000002,51.25,Delivered,2024-10-26,Website
OI001010,O00612,P014,1,499,20,399.2,SPF 60 PA++++ Sunscreen,Sunscreen,All Skin Types,499,211,288,57.72,399.2,211,188.2,47.14,Delivered,2024-10-26,Website
OI001011,O00612,P024,1,799,20,639.2,Hair Growth Actives Serum,Hair Care,Scalp Care,799,372,427,53.44,639.2,372,267.20000000000005,41.8,Delivered,2024-10-26,Website
OI001012,O00613,P004,1,649,25,486.75,Alpha Arbutin 2% Serum,Serum,All Skin Types,649,292,357,55.01,486.75,292,194.75,40.01,Delivered,2024-10-24,Website
OI001013,O00613,P024,1,799,5,759.05,Hair Growth Actives Serum,Hair Care,Scalp Care,799,372,427,53.44,759.05,372,387.04999999999995,50.99,Delivered,2024-10-24,Website
OI001014,O00613,P028,1,249,15,211.65,Lip Balm SPF 30,Lip Care,All Skin Types,249,92,157,63.05,211.65,92,119.65,56.53,Delivered,2024-10-24,Website
OI001015,O00614,P011,2,349,15,593.3,Sepicalm 3% Moisturizer,Moisturizer,Sensitive,349,148,201,57.59,593.3,296,297.29999999999995,50.11,Delivered,2024-12-11,Mobile App
OI001016,O00614,P002,1,599,15,509.15,10% Niacinamide Face Serum,Serum,Oily / Combination,599,265,334,55.76,509.15,265,244.14999999999998,47.95,Delivered,2024-12-11,Mobile App
OI001017,O00615,P026,3,449,25,1010.25,Body Lotion with Niacinamide,Body Care,All Skin Types,449,182,267,59.47,1010.25,546,464.25,45.95,Delivered,2025-10-19,Website
OI001021,O00618,P013,1,399,20,319.2,SPF 50 Sunscreen,Sunscreen,All Skin Types,399,168,231,57.89,319.2,168,151.2,47.37,Delivered,2025-05-02,Website
OI001022,O00619,P016,1,299,15,254.15,Salicylic Acid Face Cleanser,Cleanser,Oily / Acne-Prone,299,117,182,60.87,254.15,117,137.15,53.96,Delivered,2024-06-13,Website
OI001023,O00619,P009,1,349,25,261.75,Ceramide Moisturizer,Moisturizer,Dry / Sensitive,349,145,204,58.45,261.75,145,116.75,44.6,Delivered,2024-06-13,Website
OI001024,O00620,P015,1,449,10,404.1,Aqualogica Lightweight Sunscreen,Sunscreen,Oily / Combination,449,192,257,57.24,404.1,192,212.10000000000002,52.49,Delivered,2024-10-09,Website
OI001027,O00622,P009,1,349,15,296.65,Ceramide Moisturizer,Moisturizer,Dry / Sensitive,349,145,204,58.45,296.65,145,151.64999999999998,51.12,Delivered,2024-10-25,Mobile App
OI001028,O00622,P024,3,799,5,2277.15,Hair Growth Actives Serum,Hair Care,Scalp Care,799,372,427,53.44,2277.15,1116,1161.15,50.99,Delivered,2024-10-25,Mobile App
OI001029,O00623,P009,1,349,15,296.65,Ceramide Moisturizer,Moisturizer,Dry / Sensitive,349,145,204,58.45,296.65,145,151.64999999999998,51.12,Delivered,2024-10-09,Mobile App
OI001030,O00624,P022,1,499,20,399.2,Multi-Peptide Eye Cream,Eye Care,Mature / Dry,499,218,281,56.31,399.2,218,181.2,45.39,Delivered,2025-03-20,Mobile App
OI001031,O00624,P009,1,349,10,314.1,Ceramide Moisturizer,Moisturizer,Dry / Sensitive,349,145,204,58.45,314.1,145,169.10000000000002,53.84,Delivered,2025-03-20,Mobile App
OI001032,O00625,P025,1,599,15,509.15,Bond Repair Shampoo,Hair Care,Hair Care,599,266,333,55.59,509.15,266,243.14999999999998,47.76,Delivered,2024-04-10,Website
OI001033,O00625,P010,1,399,15,339.15,Vitamin B5 Moisturizer,Moisturizer,All Skin Types,399,162,237,59.4,339.15,162,177.14999999999998,52.23,Delivered,2024-04-10,Website
OI001034,O00626,P001,1,549,20,439.2,2% Salicylic Acid Face Serum,Serum,Oily / Acne-Prone,549,247,302,55.01,439.2,247,192.2,43.76,Delivered,2024-02-08,Mobile App
OI001035,O00626,P013,1,399,20,319.2,SPF 50 Sunscreen,Sunscreen,All Skin Types,399,168,231,57.89,319.2,168,151.2,47.37,Delivered,2024-02-08,Mobile App
OI001036,O00627,P020,1,349,15,296.65,Rose Water Hydrating Toner,Toner,All Skin Types,349,139,210,60.17,296.65,139,157.64999999999998,53.14,Delivered,2024-09-16,Marketplace
OI001037,O00628,P021,2,399,20,638.4,Caffeine Under Eye Cream,Eye Care,All Skin Types,399,157,242,60.65,638.4,314,324.4,50.81,Delivered,2025-07-25,Website
OI001038,O00629,P015,1,449,15,381.65,Aqualogica Lightweight Sunscreen,Sunscreen,Oily / Combination,449,192,257,57.24,381.65,192,189.64999999999998,49.69,Delivered,2024-08-21,Website
OI001040,O00631,P009,2,349,0,698.0,Ceramide Moisturizer,Moisturizer,Dry / Sensitive,349,145,204,58.45,698.0,290,408.0,58.45,Delivered,2025-08-20,Mobile App
OI001041,O00632,P013,1,399,5,379.05,SPF 50 Sunscreen,Sunscreen,All Skin Types,399,168,231,57.89,379.05,168,211.05,55.68,Delivered,2025-09-20,Website
OI001042,O00633,P027,2,399,10,718.2,Body Wash with Salicylic Acid,Body Care,Oily / Acne-Prone,399,159,240,60.15,718.2,318,400.20000000000005,55.72,Delivered,2024-09-08,Website
OI001050,O00636,P010,1,399,0,399.0,Vitamin B5 Moisturizer,Moisturizer,All Skin Types,399,162,237,59.4,399.0,162,237.0,59.4,Delivered,2025-07-21,Mobile App
OI001051,O00637,P018,1,349,20,279.2,Glycolic Acid Face Cleanser,Cleanser,Normal / Oily,349,143,206,59.03,279.2,143,136.2,48.78,Delivered,2025-10-20,Mobile App
OI001052,O00637,P017,3,299,5,852.15,Oat Extract Gentle Cleanser,Cleanser,Sensitive / Dry,299,121,178,59.53,852.15,363,489.15,57.4,Delivered,2025-10-20,Mobile App
OI001053,O00637,P012,1,449,10,404.1,Marula Oil 5% Moisturizer,Moisturizer,Dry,449,197,252,56.12,404.1,197,207.10000000000002,51.25,Delivered,2025-10-20,Mobile App
OI001054,O00638,P018,1,349,15,296.65,Glycolic Acid Face Cleanser,Cleanser,Normal / Oily,349,143,206,59.03,296.65,143,153.64999999999998,51.8,Delivered,2025-08-20,Marketplace
OI001055,O00639,P004,1,649,10,584.1,Alpha Arbutin 2% Serum,Serum,All Skin Types,649,292,357,55.01,584.1,292,292.1,50.01,Delivered,2024-06-14,Mobile App
OI001056,O00640,P004,1,649,5,616.55,Alpha Arbutin 2% Serum,Serum,All Skin Types,649,292,357,55.01,616.55,292,324.54999999999995,52.64,Delivered,2025-02-21,Website
OI001057,O00641,P028,1,249,0,249.0,Lip Balm SPF 30,Lip Care,All Skin Types,249,92,157,63.05,249.0,92,157.0,63.05,Delivered,2024-03-24,Website
OI001058,O00641,P002,3,599,10,1617.3,10% Niacinamide Face Serum,Serum,Oily / Combination,599,265,334,55.76,1617.3,795,822.3,50.84,Delivered,2024-03-24,Website
OI001064,O00645,P003,1,699,5,664.05,Vitamin C 10% Face Serum,Serum,All Skin Types,699,315,384,54.94,664.05,315,349.04999999999995,52.56,Delivered,2024-08-17,Mobile App
OI001065,O00645,P012,1,449,10,404.1,Marula Oil 5% Moisturizer,Moisturizer,Dry,449,197,252,56.12,404.1,197,207.10000000000002,51.25,Delivered,2024-08-17,Mobile App
OI001066,O00646,P012,1,449,10,404.1,Marula Oil 5% Moisturizer,Moisturizer,Dry,449,197,252,56.12,404.1,197,207.10000000000002,51.25,Delivered,2024-07-21,Website
OI001067,O00647,P007,1,699,10,629.1,AHA BHA 10% Exfoliating Serum,Serum,Oily / Combination,699,322,377,53.93,629.1,322,307.1,48.82,Delivered,2024-10-21,Website
OI001068,O00647,P014,1,499,10,449.1,SPF 60 PA++++ Sunscreen,Sunscreen,All Skin Types,499,211,288,57.72,449.1,211,238.10000000000002,53.02,Delivered,2024-10-21,Website
OI001069,O00647,P025,1,599,5,569.05,Bond Repair Shampoo,Hair Care,Hair Care,599,266,333,55.59,569.05,266,303.04999999999995,53.26,Delivered,2024-10-21,Website
OI001070,O00648,P017,2,299,0,598.0,Oat Extract Gentle Cleanser,Cleanser,Sensitive / Dry,299,121,178,59.53,598.0,242,356.0,59.53,Delivered,2025-12-01,Website
OI001071,O00649,P025,1,599,5,569.05,Bond Repair Shampoo,Hair Care,Hair Care,599,266,333,55.59,569.05,266,303.04999999999995,53.26,Delivered,2024-07-27,Website
OI001073,O00651,P016,1,299,15,254.15,Salicylic Acid Face Cleanser,Cleanser,Oily / Acne-Prone,299,117,182,60.87,254.15,117,137.15,53.96,Delivered,2025-03-08,Website
OI001074,O00651,P025,1,599,15,509.15,Bond Repair Shampoo,Hair Care,Hair Care,599,266,333,55.59,509.15,266,243.14999999999998,47.76,Delivered,2025-03-08,Website
OI001075,O00651,P010,1,399,15,339.15,Vitamin B5 Moisturizer,Moisturizer,All Skin Types,399,162,237,59.4,339.15,162,177.14999999999998,52.23,Delivered,2025-03-08,Website
OI001076,O00652,P002,1,599,15,509.15,10% Niacinamide Face Serum,Serum,Oily / Combination,599,265,334,55.76,509.15,265,244.14999999999998,47.95,Delivered,2025-11-09,Website
OI001077,O00652,P013,2,399,15,678.3,SPF 50 Sunscreen,Sunscreen,All Skin Types,399,168,231,57.89,678.3,336,342.29999999999995,50.46,Delivered,2025-11-09,Website
OI001078,O00653,P023,1,499,10,449.1,Anti-Dandruff Shampoo,Hair Care,Scalp Care,499,221,278,55.71,449.1,221,228.10000000000002,50.79,Delivered,2024-04-21,Website
OI001079,O00654,P004,1,649,0,649.0,Alpha Arbutin 2% Serum,Serum,All Skin Types,649,292,357,55.01,649.0,292,357.0,55.01,Delivered,2024-03-26,Mobile App
OI001080,O00655,P005,1,699,5,664.05,Retinol 0.3% Face Serum,Serum,Normal / Dry,699,318,381,54.51,664.05,318,346.04999999999995,52.11,Delivered,2024-01-15,Marketplace
OI001081,O00656,P022,1,499,5,474.05,Multi-Peptide Eye Cream,Eye Care,Mature / Dry,499,218,281,56.31,474.05,218,256.05,54.01,Delivered,2024-07-07,Website
OI001082,O00657,P026,1,449,0,449.0,Body Lotion with Niacinamide,Body Care,All Skin Types,449,182,267,59.47,449.0,182,267.0,59.47,Delivered,2024-04-24,Mobile App
OI001083,O00658,P011,1,349,15,296.65,Sepicalm 3% Moisturizer,Moisturizer,Sensitive,349,148,201,57.59,296.65,148,148.64999999999998,50.11,Delivered,2024-11-01,Website
OI001084,O00658,P014,1,499,20,399.2,SPF 60 PA++++ Sunscreen,Sunscreen,All Skin Types,499,211,288,57.72,399.2,211,188.2,47.14,Delivered,2024-11-01,Website
OI001086,O00660,P024,1,799,10,719.1,Hair Growth Actives Serum,Hair Care,Scalp Care,799,372,427,53.44,719.1,372,347.1,48.27,Delivered,2024-08-20,Website
OI001087,O00661,P014,1,499,15,424.15,SPF 60 PA++++ Sunscreen,Sunscreen,All Skin Types,499,211,288,57.72,424.15,211,213.14999999999998,50.25,Delivered,2024-11-29,Website
OI001088,O00661,P027,1,399,10,359.1,Body Wash with Salicylic Acid,Body Care,Oily / Acne-Prone,399,159,240,60.15,359.1,159,200.10000000000002,55.72,Delivered,2024-11-29,Website
OI001089,O00662,P025,2,599,20,958.4,Bond Repair Shampoo,Hair Care,Hair Care,599,266,333,55.59,958.4,532,426.4,44.49,Delivered,2025-10-21,Website
OI001090,O00663,P013,1,399,25,299.25,SPF 50 Sunscreen,Sunscreen,All Skin Types,399,168,231,57.89,299.25,168,131.25,43.86,Delivered,2025-01-28,Website
OI001091,O00664,P015,1,449,10,404.1,Aqualogica Lightweight Sunscreen,Sunscreen,Oily / Combination,449,192,257,57.24,404.1,192,212.10000000000002,52.49,Delivered,2025-02-25,Mobile App
OI001092,O00665,P018,2,349,5,663.1,Glycolic Acid Face Cleanser,Cleanser,Normal / Oily,349,143,206,59.03,663.1,286,377.1,56.87,Delivered,2024-08-10,Marketplace
OI001093,O00666,P025,1,599,10,539.1,Bond Repair Shampoo,Hair Care,Hair Care,599,266,333,55.59,539.1,266,273.1,50.66,Delivered,2025-04-02,Website
OI001094,O00666,P004,1,649,0,649.0,Alpha Arbutin 2% Serum,Serum,All Skin Types,649,292,357,55.01,649.0,292,357.0,55.01,Delivered,2025-04-02,Website
OI001095,O00667,P002,1,599,10,539.1,10% Niacinamide Face Serum,Serum,Oily / Combination,599,265,334,55.76,539.1,265,274.1,50.84,Delivered,2025-12-07,Marketplace
OI001096,O00667,P001,1,549,10,494.1,2% Salicylic Acid Face Serum,Serum,Oily / Acne-Prone,549,247,302,55.01,494.1,247,247.10000000000002,50.01,Delivered,2025-12-07,Marketplace
OI001097,O00667,P024,3,799,5,2277.15,Hair Growth Actives Serum,Hair Care,Scalp Care,799,372,427,53.44,2277.15,1116,1161.15,50.99,Delivered,2025-12-07,Marketplace
OI001102,O00669,P001,1,549,15,466.65,2% Salicylic Acid Face Serum,Serum,Oily / Acne-Prone,549,247,302,55.01,466.65,247,219.64999999999998,47.07,Delivered,2024-06-22,Marketplace
OI001103,O00669,P008,1,799,25,599.25,Granactive Retinoid 2% Serum,Serum,Normal / Mature,799,358,441,55.19,599.25,358,241.25,40.26,Delivered,2024-06-22,Marketplace
OI001104,O00669,P004,1,649,5,616.55,Alpha Arbutin 2% Serum,Serum,All Skin Types,649,292,357,55.01,616.55,292,324.54999999999995,52.64,Delivered,2024-06-22,Marketplace
OI001105,O00670,P014,1,499,0,499.0,SPF 60 PA++++ Sunscreen,Sunscreen,All Skin Types,499,211,288,57.72,499.0,211,288.0,57.72,Delivered,2024-03-23,Marketplace
OI001106,O00671,P017,1,299,20,239.2,Oat Extract Gentle Cleanser,Cleanser,Sensitive / Dry,299,121,178,59.53,239.2,121,118.19999999999999,49.41,Delivered,2025-06-08,Website
OI001107,O00671,P013,2,399,0,798.0,SPF 50 Sunscreen,Sunscreen,All Skin Types,399,168,231,57.89,798.0,336,462.0,57.89,Delivered,2025-06-08,Website
OI001108,O00671,P012,1,449,5,426.55,Marula Oil 5% Moisturizer,Moisturizer,Dry,449,197,252,56.12,426.55,197,229.55,53.82,Delivered,2025-06-08,Website
OI001109,O00672,P018,1,349,5,331.55,Glycolic Acid Face Cleanser,Cleanser,Normal / Oily,349,143,206,59.03,331.55,143,188.55,56.87,Delivered,2024-08-12,Website
OI001110,O00673,P003,2,699,20,1118.4,Vitamin C 10% Face Serum,Serum,All Skin Types,699,315,384,54.94,1118.4,630,488.4000000000001,43.67,Delivered,2025-04-16,Mobile App
OI001111,O00674,P015,1,449,15,381.65,Aqualogica Lightweight Sunscreen,Sunscreen,Oily / Combination,449,192,257,57.24,381.65,192,189.64999999999998,49.69,Delivered,2024-01-04,Mobile App
OI001112,O00675,P001,1,549,0,549.0,2% Salicylic Acid Face Serum,Serum,Oily / Acne-Prone,549,247,302,55.01,549.0,247,302.0,55.01,Delivered,2025-04-25,Website
OI001113,O00676,P015,1,449,10,404.1,Aqualogica Lightweight Sunscreen,Sunscreen,Oily / Combination,449,192,257,57.24,404.1,192,212.10000000000002,52.49,Delivered,2024-08-13,Marketplace
OI001115,O00678,P025,1,599,15,509.15,Bond Repair Shampoo,Hair Care,Hair Care,599,266,333,55.59,509.15,266,243.14999999999998,47.76,Delivered,2025-10-22,Website
OI001116,O00678,P009,1,349,5,331.55,Ceramide Moisturizer,Moisturizer,Dry / Sensitive,349,145,204,58.45,331.55,145,186.55,56.27,Delivered,2025-10-22,Website
OI001118,O00680,P003,1,699,25,524.25,Vitamin C 10% Face Serum,Serum,All Skin Types,699,315,384,54.94,524.25,315,209.25,39.91,Delivered,2025-04-20,Website
OI001119,O00681,P001,1,549,5,521.55,2% Salicylic Acid Face Serum,Serum,Oily / Acne-Prone,549,247,302,55.01,521.55,247,274.54999999999995,52.64,Delivered,2024-10-25,Website
OI001121,O00683,P014,1,499,5,474.05,SPF 60 PA++++ Sunscreen,Sunscreen,All Skin Types,499,211,288,57.72,474.05,211,263.05,55.49,Delivered,2024-11-11,Mobile App
OI001122,O00683,P012,1,449,0,449.0,Marula Oil 5% Moisturizer,Moisturizer,Dry,449,197,252,56.12,449.0,197,252.0,56.12,Delivered,2024-11-11,Mobile App
OI001123,O00684,P025,1,599,5,569.05,Bond Repair Shampoo,Hair Care,Hair Care,599,266,333,55.59,569.05,266,303.04999999999995,53.26,Delivered,2025-04-02,Mobile App
OI001124,O00684,P015,1,449,15,381.65,Aqualogica Lightweight Sunscreen,Sunscreen,Oily / Combination,449,192,257,57.24,381.65,192,189.64999999999998,49.69,Delivered,2025-04-02,Mobile App
OI001125,O00684,P025,1,599,20,479.2,Bond Repair Shampoo,Hair Care,Hair Care,599,266,333,55.59,479.2,266,213.2,44.49,Delivered,2025-04-02,Mobile App
OI001126,O00685,P025,2,599,5,1138.1,Bond Repair Shampoo,Hair Care,Hair Care,599,266,333,55.59,1138.1,532,606.0999999999999,53.26,Delivered,2024-08-22,Website
OI001127,O00685,P008,1,799,5,759.05,Granactive Retinoid 2% Serum,Serum,Normal / Mature,799,358,441,55.19,759.05,358,401.04999999999995,52.84,Delivered,2024-08-22,Website
OI001128,O00686,P002,1,599,5,569.05,10% Niacinamide Face Serum,Serum,Oily / Combination,599,265,334,55.76,569.05,265,304.04999999999995,53.43,Delivered,2025-01-24,Website
OI001129,O00686,P006,2,599,10,1078.2,Hyaluronic Acid 2% Serum,Serum,Dry / Dehydrated,599,258,341,56.93,1078.2,516,562.2,52.14,Delivered,2025-01-24,Website
OI001130,O00687,P007,2,699,10,1258.2,AHA BHA 10% Exfoliating Serum,Serum,Oily / Combination,699,322,377,53.93,1258.2,644,614.2,48.82,Delivered,2025-07-03,Marketplace
OI001131,O00687,P002,1,599,5,569.05,10% Niacinamide Face Serum,Serum,Oily / Combination,599,265,334,55.76,569.05,265,304.04999999999995,53.43,Delivered,2025-07-03,Marketplace
OI001132,O00688,P010,1,399,25,299.25,Vitamin B5 Moisturizer,Moisturizer,All Skin Types,399,162,237,59.4,299.25,162,137.25,45.86,Delivered,2024-01-12,Website
OI001133,O00688,P009,1,349,5,331.55,Ceramide Moisturizer,Moisturizer,Dry / Sensitive,349,145,204,58.45,331.55,145,186.55,56.27,Delivered,2024-01-12,Website
OI001134,O00689,P008,1,799,5,759.05,Granactive Retinoid 2% Serum,Serum,Normal / Mature,799,358,441,55.19,759.05,358,401.04999999999995,52.84,Delivered,2024-10-07,Website
OI001135,O00689,P001,1,549,0,549.0,2% Salicylic Acid Face Serum,Serum,Oily / Acne-Prone,549,247,302,55.01,549.0,247,302.0,55.01,Delivered,2024-10-07,Website
OI001136,O00690,P012,1,449,15,381.65,Marula Oil 5% Moisturizer,Moisturizer,Dry,449,197,252,56.12,381.65,197,184.64999999999998,48.38,Delivered,2025-08-10,Mobile App
OI001137,O00691,P018,1,349,10,314.1,Glycolic Acid Face Cleanser,Cleanser,Normal / Oily,349,143,206,59.03,314.1,143,171.10000000000002,54.47,Delivered,2025-12-31,Website
OI001138,O00692,P024,1,799,15,679.15,Hair Growth Actives Serum,Hair Care,Scalp Care,799,372,427,53.44,679.15,372,307.15,45.23,Delivered,2024-06-07,Website
OI001139,O00692,P006,1,599,10,539.1,Hyaluronic Acid 2% Serum,Serum,Dry / Dehydrated,599,258,341,56.93,539.1,258,281.1,52.14,Delivered,2024-06-07,Website
OI001142,O00695,P009,1,349,20,279.2,Ceramide Moisturizer,Moisturizer,Dry / Sensitive,349,145,204,58.45,279.2,145,134.2,48.07,Delivered,2025-08-20,Website
OI001143,O00696,P002,1,599,10,539.1,10% Niacinamide Face Serum,Serum,Oily / Combination,599,265,334,55.76,539.1,265,274.1,50.84,Delivered,2024-11-01,Mobile App
OI001148,O00698,P001,1,549,0,549.0,2% Salicylic Acid Face Serum,Serum,Oily / Acne-Prone,549,247,302,55.01,549.0,247,302.0,55.01,Delivered,2025-03-09,Mobile App
OI001149,O00699,P003,1,699,10,629.1,Vitamin C 10% Face Serum,Serum,All Skin Types,699,315,384,54.94,629.1,315,314.1,49.93,Delivered,2025-10-25,Marketplace
OI001150,O00700,P010,1,399,0,399.0,Vitamin B5 Moisturizer,Moisturizer,All Skin Types,399,162,237,59.4,399.0,162,237.0,59.4,Delivered,2024-08-16,Website
OI001151,O00700,P028,1,249,15,211.65,Lip Balm SPF 30,Lip Care,All Skin Types,249,92,157,63.05,211.65,92,119.65,56.53,Delivered,2024-08-16,Website
OI001152,O00701,P024,1,799,25,599.25,Hair Growth Actives Serum,Hair Care,Scalp Care,799,372,427,53.44,599.25,372,227.25,37.92,Delivered,2024-11-08,Website
OI001153,O00701,P022,1,499,5,474.05,Multi-Peptide Eye Cream,Eye Care,Mature / Dry,499,218,281,56.31,474.05,218,256.05,54.01,Delivered,2024-11-08,Website
OI001154,O00702,P008,1,799,5,759.05,Granactive Retinoid 2% Serum,Serum,Normal / Mature,799,358,441,55.19,759.05,358,401.04999999999995,52.84,Delivered,2025-04-28,Mobile App
OI001155,O00703,P014,2,499,5,948.1,SPF 60 PA++++ Sunscreen,Sunscreen,All Skin Types,499,211,288,57.72,948.1,422,526.1,55.49,Delivered,2025-11-19,Website
OI001156,O00704,P015,2,449,0,898.0,Aqualogica Lightweight Sunscreen,Sunscreen,Oily / Combination,449,192,257,57.24,898.0,384,514.0,57.24,Delivered,2025-07-06,Website
OI001157,O00704,P014,2,499,0,998.0,SPF 60 PA++++ Sunscreen,Sunscreen,All Skin Types,499,211,288,57.72,998.0,422,576.0,57.72,Delivered,2025-07-06,Website
OI001158,O00704,P013,2,399,5,758.1,SPF 50 Sunscreen,Sunscreen,All Skin Types,399,168,231,57.89,758.1,336,422.1,55.68,Delivered,2025-07-06,Website
OI001159,O00705,P018,1,349,5,331.55,Glycolic Acid Face Cleanser,Cleanser,Normal / Oily,349,143,206,59.03,331.55,143,188.55,56.87,Delivered,2024-02-12,Mobile App
OI001160,O00705,P016,2,299,5,568.1,Salicylic Acid Face Cleanser,Cleanser,Oily / Acne-Prone,299,117,182,60.87,568.1,234,334.1,58.81,Delivered,2024-02-12,Mobile App
OI001161,O00705,P020,2,349,10,628.2,Rose Water Hydrating Toner,Toner,All Skin Types,349,139,210,60.17,628.2,278,350.20000000000005,55.75,Delivered,2024-02-12,Mobile App
OI001162,O00706,P025,2,599,10,1078.2,Bond Repair Shampoo,Hair Care,Hair Care,599,266,333,55.59,1078.2,532,546.2,50.66,Delivered,2025-10-17,Mobile App
OI001163,O00706,P027,2,399,15,678.3,Body Wash with Salicylic Acid,Body Care,Oily / Acne-Prone,399,159,240,60.15,678.3,318,360.29999999999995,53.12,Delivered,2025-10-17,Mobile App
OI001164,O00707,P003,1,699,15,594.15,Vitamin C 10% Face Serum,Serum,All Skin Types,699,315,384,54.94,594.15,315,279.15,46.98,Delivered,2024-08-02,Website
OI001165,O00708,P025,1,599,15,509.15,Bond Repair Shampoo,Hair Care,Hair Care,599,266,333,55.59,509.15,266,243.14999999999998,47.76,Delivered,2025-08-14,Website
OI001166,O00708,P015,3,449,10,1212.3,Aqualogica Lightweight Sunscreen,Sunscreen,Oily / Combination,449,192,257,57.24,1212.3,576,636.3,52.49,Delivered,2025-08-14,Website
OI001167,O00709,P016,3,299,15,762.45,Salicylic Acid Face Cleanser,Cleanser,Oily / Acne-Prone,299,117,182,60.87,762.45,351,411.45000000000005,53.96,Delivered,2025-07-05,Mobile App
OI001168,O00709,P028,1,249,5,236.55,Lip Balm SPF 30,Lip Care,All Skin Types,249,92,157,63.05,236.55,92,144.55,61.11,Delivered,2025-07-05,Mobile App
OI001169,O00709,P009,1,349,5,331.55,Ceramide Moisturizer,Moisturizer,Dry / Sensitive,349,145,204,58.45,331.55,145,186.55,56.27,Delivered,2025-07-05,Mobile App
OI001170,O00710,P013,1,399,10,359.1,SPF 50 Sunscreen,Sunscreen,All Skin Types,399,168,231,57.89,359.1,168,191.10000000000002,53.22,Delivered,2025-04-10,Website
OI001171,O00711,P009,1,349,0,349.0,Ceramide Moisturizer,Moisturizer,Dry / Sensitive,349,145,204,58.45,349.0,145,204.0,58.45,Delivered,2024-01-29,Website
OI001172,O00711,P026,1,449,15,381.65,Body Lotion with Niacinamide,Body Care,All Skin Types,449,182,267,59.47,381.65,182,199.64999999999998,52.31,Delivered,2024-01-29,Website
OI001173,O00712,P011,1,349,5,331.55,Sepicalm 3% Moisturizer,Moisturizer,Sensitive,349,148,201,57.59,331.55,148,183.55,55.36,Delivered,2025-08-15,Marketplace
OI001174,O00713,P010,1,399,20,319.2,Vitamin B5 Moisturizer,Moisturizer,All Skin Types,399,162,237,59.4,319.2,162,157.2,49.25,Delivered,2024-10-25,Mobile App
OI001175,O00714,P010,1,399,5,379.05,Vitamin B5 Moisturizer,Moisturizer,All Skin Types,399,162,237,59.4,379.05,162,217.05,57.26,Delivered,2025-12-16,Website
OI001177,O00716,P018,1,349,5,331.55,Glycolic Acid Face Cleanser,Cleanser,Normal / Oily,349,143,206,59.03,331.55,143,188.55,56.87,Delivered,2024-07-08,Website
OI001178,O00717,P011,1,349,10,314.1,Sepicalm 3% Moisturizer,Moisturizer,Sensitive,349,148,201,57.59,314.1,148,166.10000000000002,52.88,Delivered,2024-05-20,Website
OI001179,O00717,P005,1,699,20,559.2,Retinol 0.3% Face Serum,Serum,Normal / Dry,699,318,381,54.51,559.2,318,241.20000000000005,43.13,Delivered,2024-05-20,Website
OI001180,O00718,P018,2,349,5,663.1,Glycolic Acid Face Cleanser,Cleanser,Normal / Oily,349,143,206,59.03,663.1,286,377.1,56.87,Delivered,2024-08-17,Mobile App
OI001181,O00719,P003,2,699,20,1118.4,Vitamin C 10% Face Serum,Serum,All Skin Types,699,315,384,54.94,1118.4,630,488.4000000000001,43.67,Delivered,2025-10-20,Mobile App
OI001182,O00719,P015,1,449,15,381.65,Aqualogica Lightweight Sunscreen,Sunscreen,Oily / Combination,449,192,257,57.24,381.65,192,189.64999999999998,49.69,Delivered,2025-10-20,Mobile App
OI001183,O00720,P025,1,599,10,539.1,Bond Repair Shampoo,Hair Care,Hair Care,599,266,333,55.59,539.1,266,273.1,50.66,Delivered,2025-05-24,Website
OI001186,O00722,P002,2,599,20,958.4,10% Niacinamide Face Serum,Serum,Oily / Combination,599,265,334,55.76,958.4,530,428.4,44.7,Delivered,2025-04-25,Website
OI001187,O00722,P015,1,449,5,426.55,Aqualogica Lightweight Sunscreen,Sunscreen,Oily / Combination,449,192,257,57.24,426.55,192,234.55,54.99,Delivered,2025-04-25,Website
OI001188,O00723,P016,1,299,15,254.15,Salicylic Acid Face Cleanser,Cleanser,Oily / Acne-Prone,299,117,182,60.87,254.15,117,137.15,53.96,Delivered,2024-11-09,Website
OI001189,O00723,P004,2,649,15,1103.3,Alpha Arbutin 2% Serum,Serum,All Skin Types,649,292,357,55.01,1103.3,584,519.3,47.07,Delivered,2024-11-09,Website
OI001190,O00724,P018,1,349,5,331.55,Glycolic Acid Face Cleanser,Cleanser,Normal / Oily,349,143,206,59.03,331.55,143,188.55,56.87,Delivered,2025-07-09,Website
OI001191,O00725,P011,1,349,0,349.0,Sepicalm 3% Moisturizer,Moisturizer,Sensitive,349,148,201,57.59,349.0,148,201.0,57.59,Delivered,2025-10-25,Mobile App
OI001192,O00725,P008,1,799,10,719.1,Granactive Retinoid 2% Serum,Serum,Normal / Mature,799,358,441,55.19,719.1,358,361.1,50.22,Delivered,2025-10-25,Mobile App
OI001193,O00725,P006,1,599,0,599.0,Hyaluronic Acid 2% Serum,Serum,Dry / Dehydrated,599,258,341,56.93,599.0,258,341.0,56.93,Delivered,2025-10-25,Mobile App
OI001194,O00726,P012,1,449,5,426.55,Marula Oil 5% Moisturizer,Moisturizer,Dry,449,197,252,56.12,426.55,197,229.55,53.82,Delivered,2024-10-10,Marketplace
OI001195,O00726,P003,1,699,0,699.0,Vitamin C 10% Face Serum,Serum,All Skin Types,699,315,384,54.94,699.0,315,384.0,54.94,Delivered,2024-10-10,Marketplace
OI001196,O00727,P016,1,299,0,299.0,Salicylic Acid Face Cleanser,Cleanser,Oily / Acne-Prone,299,117,182,60.87,299.0,117,182.0,60.87,Delivered,2024-03-12,Mobile App
OI001197,O00727,P005,1,699,10,629.1,Retinol 0.3% Face Serum,Serum,Normal / Dry,699,318,381,54.51,629.1,318,311.1,49.45,Delivered,2024-03-12,Mobile App
OI001198,O00727,P025,1,599,5,569.05,Bond Repair Shampoo,Hair Care,Hair Care,599,266,333,55.59,569.05,266,303.04999999999995,53.26,Delivered,2024-03-12,Mobile App
OI001199,O00728,P018,3,349,5,994.65,Glycolic Acid Face Cleanser,Cleanser,Normal / Oily,349,143,206,59.03,994.65,429,565.65,56.87,Delivered,2024-09-30,Website
OI001200,O00728,P004,1,649,0,649.0,Alpha Arbutin 2% Serum,Serum,All Skin Types,649,292,357,55.01,649.0,292,357.0,55.01,Delivered,2024-09-30,Website
OI001201,O00729,P014,2,499,20,798.4,SPF 60 PA++++ Sunscreen,Sunscreen,All Skin Types,499,211,288,57.72,798.4,422,376.4,47.14,Delivered,2024-10-03,Website
OI001202,O00730,P004,2,649,20,1038.4,Alpha Arbutin 2% Serum,Serum,All Skin Types,649,292,357,55.01,1038.4,584,454.4000000000001,43.76,Delivered,2025-01-30,Website
OI001203,O00731,P022,1,499,15,424.15,Multi-Peptide Eye Cream,Eye Care,Mature / Dry,499,218,281,56.31,424.15,218,206.14999999999998,48.6,Delivered,2025-03-23,Website
OI001204,O00731,P014,1,499,15,424.15,SPF 60 PA++++ Sunscreen,Sunscreen,All Skin Types,499,211,288,57.72,424.15,211,213.14999999999998,50.25,Delivered,2025-03-23,Website
OI001205,O00732,P014,1,499,0,499.0,SPF 60 PA++++ Sunscreen,Sunscreen,All Skin Types,499,211,288,57.72,499.0,211,288.0,57.72,Delivered,2024-08-11,Website
OI001206,O00733,P018,2,349,0,698.0,Glycolic Acid Face Cleanser,Cleanser,Normal / Oily,349,143,206,59.03,698.0,286,412.0,59.03,Delivered,2025-12-31,Website
OI001207,O00734,P009,1,349,15,296.65,Ceramide Moisturizer,Moisturizer,Dry / Sensitive,349,145,204,58.45,296.65,145,151.64999999999998,51.12,Delivered,2025-08-22,Mobile App
OI001208,O00734,P018,1,349,0,349.0,Glycolic Acid Face Cleanser,Cleanser,Normal / Oily,349,143,206,59.03,349.0,143,206.0,59.03,Delivered,2025-08-22,Mobile App
OI001209,O00734,P002,2,599,10,1078.2,10% Niacinamide Face Serum,Serum,Oily / Combination,599,265,334,55.76,1078.2,530,548.2,50.84,Delivered,2025-08-22,Mobile App
OI001210,O00734,P025,1,599,20,479.2,Bond Repair Shampoo,Hair Care,Hair Care,599,266,333,55.59,479.2,266,213.2,44.49,Delivered,2025-08-22,Mobile App
OI001211,O00735,P016,2,299,25,448.5,Salicylic Acid Face Cleanser,Cleanser,Oily / Acne-Prone,299,117,182,60.87,448.5,234,214.5,47.83,Delivered,2025-02-23,Website
OI001212,O00736,P002,2,599,0,1198.0,10% Niacinamide Face Serum,Serum,Oily / Combination,599,265,334,55.76,1198.0,530,668.0,55.76,Delivered,2025-03-09,Website
OI001213,O00736,P003,1,699,10,629.1,Vitamin C 10% Face Serum,Serum,All Skin Types,699,315,384,54.94,629.1,315,314.1,49.93,Delivered,2025-03-09,Website
OI001214,O00737,P012,1,449,0,449.0,Marula Oil 5% Moisturizer,Moisturizer,Dry,449,197,252,56.12,449.0,197,252.0,56.12,Delivered,2025-06-30,Mobile App
OI001215,O00737,P001,1,549,0,549.0,2% Salicylic Acid Face Serum,Serum,Oily / Acne-Prone,549,247,302,55.01,549.0,247,302.0,55.01,Delivered,2025-06-30,Mobile App
OI001216,O00738,P001,1,549,5,521.55,2% Salicylic Acid Face Serum,Serum,Oily / Acne-Prone,549,247,302,55.01,521.55,247,274.54999999999995,52.64,Delivered,2024-09-08,Website
OI001217,O00738,P028,1,249,10,224.1,Lip Balm SPF 30,Lip Care,All Skin Types,249,92,157,63.05,224.1,92,132.1,58.95,Delivered,2024-09-08,Website
OI001218,O00739,P014,1,499,5,474.05,SPF 60 PA++++ Sunscreen,Sunscreen,All Skin Types,499,211,288,57.72,474.05,211,263.05,55.49,Delivered,2025-02-17,Website
OI001219,O00739,P022,2,499,0,998.0,Multi-Peptide Eye Cream,Eye Care,Mature / Dry,499,218,281,56.31,998.0,436,562.0,56.31,Delivered,2025-02-17,Website
OI001220,O00740,P001,1,549,10,494.1,2% Salicylic Acid Face Serum,Serum,Oily / Acne-Prone,549,247,302,55.01,494.1,247,247.10000000000002,50.01,Delivered,2025-01-27,Website
OI001221,O00741,P010,1,399,10,359.1,Vitamin B5 Moisturizer,Moisturizer,All Skin Types,399,162,237,59.4,359.1,162,197.10000000000002,54.89,Delivered,2024-05-23,Website
OI001223,O00743,P001,1,549,15,466.65,2% Salicylic Acid Face Serum,Serum,Oily / Acne-Prone,549,247,302,55.01,466.65,247,219.64999999999998,47.07,Delivered,2025-10-23,Website
OI001224,O00744,P013,1,399,25,299.25,SPF 50 Sunscreen,Sunscreen,All Skin Types,399,168,231,57.89,299.25,168,131.25,43.86,Delivered,2024-05-06,Website
OI001225,O00744,P018,1,349,15,296.65,Glycolic Acid Face Cleanser,Cleanser,Normal / Oily,349,143,206,59.03,296.65,143,153.64999999999998,51.8,Delivered,2024-05-06,Website
OI001226,O00745,P005,2,699,0,1398.0,Retinol 0.3% Face Serum,Serum,Normal / Dry,699,318,381,54.51,1398.0,636,762.0,54.51,Delivered,2025-09-23,Website
OI001227,O00745,P014,1,499,5,474.05,SPF 60 PA++++ Sunscreen,Sunscreen,All Skin Types,499,211,288,57.72,474.05,211,263.05,55.49,Delivered,2025-09-23,Website
OI001228,O00745,P010,2,399,0,798.0,Vitamin B5 Moisturizer,Moisturizer,All Skin Types,399,162,237,59.4,798.0,324,474.0,59.4,Delivered,2025-09-23,Website
OI001229,O00746,P003,2,699,5,1328.1,Vitamin C 10% Face Serum,Serum,All Skin Types,699,315,384,54.94,1328.1,630,698.0999999999999,52.56,Delivered,2025-05-09,Website
OI001230,O00746,P016,1,299,5,284.05,Salicylic Acid Face Cleanser,Cleanser,Oily / Acne-Prone,299,117,182,60.87,284.05,117,167.05,58.81,Delivered,2025-05-09,Website
OI001232,O00748,P023,1,499,25,374.25,Anti-Dandruff Shampoo,Hair Care,Scalp Care,499,221,278,55.71,374.25,221,153.25,40.95,Delivered,2025-08-14,Mobile App
OI001233,O00749,P006,1,599,20,479.2,Hyaluronic Acid 2% Serum,Serum,Dry / Dehydrated,599,258,341,56.93,479.2,258,221.2,46.16,Delivered,2025-07-09,Mobile App
OI001234,O00750,P024,1,799,25,599.25,Hair Growth Actives Serum,Hair Care,Scalp Care,799,372,427,53.44,599.25,372,227.25,37.92,Delivered,2025-02-28,Website
OI001235,O00751,P002,1,599,0,599.0,10% Niacinamide Face Serum,Serum,Oily / Combination,599,265,334,55.76,599.0,265,334.0,55.76,Delivered,2024-06-17,Mobile App
OI001236,O00752,P002,1,599,0,599.0,10% Niacinamide Face Serum,Serum,Oily / Combination,599,265,334,55.76,599.0,265,334.0,55.76,Delivered,2024-11-10,Mobile App
OI001237,O00752,P004,3,649,0,1947.0,Alpha Arbutin 2% Serum,Serum,All Skin Types,649,292,357,55.01,1947.0,876,1071.0,55.01,Delivered,2024-11-10,Mobile App
OI001238,O00753,P002,1,599,5,569.05,10% Niacinamide Face Serum,Serum,Oily / Combination,599,265,334,55.76,569.05,265,304.04999999999995,53.43,Delivered,2025-08-14,Mobile App
OI001239,O00754,P011,1,349,25,261.75,Sepicalm 3% Moisturizer,Moisturizer,Sensitive,349,148,201,57.59,261.75,148,113.75,43.46,Delivered,2025-09-13,Website
OI001240,O00755,P006,1,599,0,599.0,Hyaluronic Acid 2% Serum,Serum,Dry / Dehydrated,599,258,341,56.93,599.0,258,341.0,56.93,Delivered,2025-03-04,Website
OI001241,O00756,P008,1,799,10,719.1,Granactive Retinoid 2% Serum,Serum,Normal / Mature,799,358,441,55.19,719.1,358,361.1,50.22,Delivered,2024-04-20,Website
OI001242,O00757,P001,1,549,0,549.0,2% Salicylic Acid Face Serum,Serum,Oily / Acne-Prone,549,247,302,55.01,549.0,247,302.0,55.01,Delivered,2025-11-18,Website
OI001243,O00758,P023,2,499,15,848.3,Anti-Dandruff Shampoo,Hair Care,Scalp Care,499,221,278,55.71,848.3,442,406.29999999999995,47.9,Delivered,2024-09-15,Marketplace
OI001244,O00758,P011,1,349,10,314.1,Sepicalm 3% Moisturizer,Moisturizer,Sensitive,349,148,201,57.59,314.1,148,166.10000000000002,52.88,Delivered,2024-09-15,Marketplace
OI001246,O00760,P001,1,549,5,521.55,2% Salicylic Acid Face Serum,Serum,Oily / Acne-Prone,549,247,302,55.01,521.55,247,274.54999999999995,52.64,Delivered,2024-09-02,Website
OI001248,O00762,P007,1,699,5,664.05,AHA BHA 10% Exfoliating Serum,Serum,Oily / Combination,699,322,377,53.93,664.05,322,342.04999999999995,51.51,Delivered,2025-03-21,Marketplace
OI001249,O00762,P028,1,249,10,224.1,Lip Balm SPF 30,Lip Care,All Skin Types,249,92,157,63.05,224.1,92,132.1,58.95,Delivered,2025-03-21,Marketplace
OI001253,O00764,P010,1,399,25,299.25,Vitamin B5 Moisturizer,Moisturizer,All Skin Types,399,162,237,59.4,299.25,162,137.25,45.86,Delivered,2024-08-11,Mobile App
OI001254,O00765,P023,1,499,15,424.15,Anti-Dandruff Shampoo,Hair Care,Scalp Care,499,221,278,55.71,424.15,221,203.14999999999998,47.9,Delivered,2024-02-22,Mobile App
OI001255,O00765,P026,1,449,10,404.1,Body Lotion with Niacinamide,Body Care,All Skin Types,449,182,267,59.47,404.1,182,222.10000000000002,54.96,Delivered,2024-02-22,Mobile App
OI001256,O00766,P010,1,399,5,379.05,Vitamin B5 Moisturizer,Moisturizer,All Skin Types,399,162,237,59.4,379.05,162,217.05,57.26,Delivered,2025-10-19,Website
OI001259,O00768,P020,1,349,5,331.55,Rose Water Hydrating Toner,Toner,All Skin Types,349,139,210,60.17,331.55,139,192.55,58.08,Delivered,2025-07-01,Website
OI001260,O00769,P005,1,699,5,664.05,Retinol 0.3% Face Serum,Serum,Normal / Dry,699,318,381,54.51,664.05,318,346.04999999999995,52.11,Delivered,2024-03-29,Website
OI001261,O00769,P028,1,249,5,236.55,Lip Balm SPF 30,Lip Care,All Skin Types,249,92,157,63.05,236.55,92,144.55,61.11,Delivered,2024-03-29,Website
OI001262,O00770,P022,2,499,10,898.2,Multi-Peptide Eye Cream,Eye Care,Mature / Dry,499,218,281,56.31,898.2,436,462.20000000000005,51.46,Delivered,2025-10-14,Marketplace
OI001263,O00770,P026,1,449,5,426.55,Body Lotion with Niacinamide,Body Care,All Skin Types,449,182,267,59.47,426.55,182,244.55,57.33,Delivered,2025-10-14,Marketplace
OI001264,O00771,P008,1,799,0,799.0,Granactive Retinoid 2% Serum,Serum,Normal / Mature,799,358,441,55.19,799.0,358,441.0,55.19,Delivered,2025-04-08,Mobile App
OI001265,O00772,P028,1,249,5,236.55,Lip Balm SPF 30,Lip Care,All Skin Types,249,92,157,63.05,236.55,92,144.55,61.11,Delivered,2024-04-08,Website
OI001266,O00773,P026,1,449,25,336.75,Body Lotion with Niacinamide,Body Care,All Skin Types,449,182,267,59.47,336.75,182,154.75,45.95,Delivered,2024-11-20,Website
OI001267,O00774,P007,1,699,0,699.0,AHA BHA 10% Exfoliating Serum,Serum,Oily / Combination,699,322,377,53.93,699.0,322,377.0,53.93,Delivered,2025-06-27,Website
OI001268,O00775,P004,1,649,5,616.55,Alpha Arbutin 2% Serum,Serum,All Skin Types,649,292,357,55.01,616.55,292,324.54999999999995,52.64,Delivered,2024-04-12,Website
OI001269,O00775,P005,2,699,10,1258.2,Retinol 0.3% Face Serum,Serum,Normal / Dry,699,318,381,54.51,1258.2,636,622.2,49.45,Delivered,2024-04-12,Website
OI001270,O00775,P021,1,399,20,319.2,Caffeine Under Eye Cream,Eye Care,All Skin Types,399,157,242,60.65,319.2,157,162.2,50.81,Delivered,2024-04-12,Website
OI001272,O00777,P006,2,599,15,1018.3,Hyaluronic Acid 2% Serum,Serum,Dry / Dehydrated,599,258,341,56.93,1018.3,516,502.29999999999995,49.33,Delivered,2025-01-04,Marketplace
OI001273,O00777,P008,1,799,15,679.15,Granactive Retinoid 2% Serum,Serum,Normal / Mature,799,358,441,55.19,679.15,358,321.15,47.29,Delivered,2025-01-04,Marketplace
OI001274,O00777,P004,1,649,15,551.65,Alpha Arbutin 2% Serum,Serum,All Skin Types,649,292,357,55.01,551.65,292,259.65,47.07,Delivered,2025-01-04,Marketplace
OI001276,O00779,P003,3,699,5,1992.15,Vitamin C 10% Face Serum,Serum,All Skin Types,699,315,384,54.94,1992.15,945,1047.15,52.56,Delivered,2024-03-01,Mobile App
OI001278,O00781,P002,1,599,25,449.25,10% Niacinamide Face Serum,Serum,Oily / Combination,599,265,334,55.76,449.25,265,184.25,41.01,Delivered,2025-11-18,Website
OI001280,O00783,P005,1,699,5,664.05,Retinol 0.3% Face Serum,Serum,Normal / Dry,699,318,381,54.51,664.05,318,346.04999999999995,52.11,Delivered,2025-01-12,Mobile App
OI001281,O00784,P011,1,349,20,279.2,Sepicalm 3% Moisturizer,Moisturizer,Sensitive,349,148,201,57.59,279.2,148,131.2,46.99,Delivered,2025-11-09,Website
OI001282,O00785,P018,1,349,10,314.1,Glycolic Acid Face Cleanser,Cleanser,Normal / Oily,349,143,206,59.03,314.1,143,171.10000000000002,54.47,Delivered,2024-11-07,Mobile App
OI001283,O00786,P009,1,349,10,314.1,Ceramide Moisturizer,Moisturizer,Dry / Sensitive,349,145,204,58.45,314.1,145,169.10000000000002,53.84,Delivered,2024-06-13,Mobile App
OI001284,O00786,P028,1,249,5,236.55,Lip Balm SPF 30,Lip Care,All Skin Types,249,92,157,63.05,236.55,92,144.55,61.11,Delivered,2024-06-13,Mobile App
OI001285,O00787,P003,1,699,25,524.25,Vitamin C 10% Face Serum,Serum,All Skin Types,699,315,384,54.94,524.25,315,209.25,39.91,Delivered,2025-11-05,Website
OI001286,O00787,P025,2,599,20,958.4,Bond Repair Shampoo,Hair Care,Hair Care,599,266,333,55.59,958.4,532,426.4,44.49,Delivered,2025-11-05,Website
OI001287,O00787,P006,1,599,20,479.2,Hyaluronic Acid 2% Serum,Serum,Dry / Dehydrated,599,258,341,56.93,479.2,258,221.2,46.16,Delivered,2025-11-05,Website
OI001288,O00788,P011,1,349,15,296.65,Sepicalm 3% Moisturizer,Moisturizer,Sensitive,349,148,201,57.59,296.65,148,148.64999999999998,50.11,Delivered,2024-08-15,Website
OI001289,O00789,P005,1,699,0,699.0,Retinol 0.3% Face Serum,Serum,Normal / Dry,699,318,381,54.51,699.0,318,381.0,54.51,Delivered,2025-11-16,Website
OI001290,O00790,P013,1,399,5,379.05,SPF 50 Sunscreen,Sunscreen,All Skin Types,399,168,231,57.89,379.05,168,211.05,55.68,Delivered,2025-06-29,Website
OI001291,O00791,P014,1,499,5,474.05,SPF 60 PA++++ Sunscreen,Sunscreen,All Skin Types,499,211,288,57.72,474.05,211,263.05,55.49,Delivered,2024-05-18,Website
OI001292,O00792,P018,1,349,10,314.1,Glycolic Acid Face Cleanser,Cleanser,Normal / Oily,349,143,206,59.03,314.1,143,171.10000000000002,54.47,Delivered,2024-12-14,Website
OI001293,O00792,P026,1,449,0,449.0,Body Lotion with Niacinamide,Body Care,All Skin Types,449,182,267,59.47,449.0,182,267.0,59.47,Delivered,2024-12-14,Website
OI001294,O00793,P014,2,499,5,948.1,SPF 60 PA++++ Sunscreen,Sunscreen,All Skin Types,499,211,288,57.72,948.1,422,526.1,55.49,Delivered,2025-05-16,Website
OI001295,O00794,P006,1,599,15,509.15,Hyaluronic Acid 2% Serum,Serum,Dry / Dehydrated,599,258,341,56.93,509.15,258,251.14999999999998,49.33,Delivered,2024-08-20,Website
OI001296,O00794,P001,1,549,5,521.55,2% Salicylic Acid Face Serum,Serum,Oily / Acne-Prone,549,247,302,55.01,521.55,247,274.54999999999995,52.64,Delivered,2024-08-20,Website
OI001297,O00795,P022,1,499,0,499.0,Multi-Peptide Eye Cream,Eye Care,Mature / Dry,499,218,281,56.31,499.0,218,281.0,56.31,Delivered,2025-10-04,Website
OI001298,O00795,P004,1,649,0,649.0,Alpha Arbutin 2% Serum,Serum,All Skin Types,649,292,357,55.01,649.0,292,357.0,55.01,Delivered,2025-10-04,Website
OI001299,O00796,P017,1,299,20,239.2,Oat Extract Gentle Cleanser,Cleanser,Sensitive / Dry,299,121,178,59.53,239.2,121,118.19999999999999,49.41,Delivered,2024-06-06,Website
OI001300,O00796,P024,1,799,25,599.25,Hair Growth Actives Serum,Hair Care,Scalp Care,799,372,427,53.44,599.25,372,227.25,37.92,Delivered,2024-06-06,Website
OI001303,O00798,P017,2,299,5,568.1,Oat Extract Gentle Cleanser,Cleanser,Sensitive / Dry,299,121,178,59.53,568.1,242,326.1,57.4,Delivered,2024-10-29,Mobile App
OI001304,O00799,P004,2,649,15,1103.3,Alpha Arbutin 2% Serum,Serum,All Skin Types,649,292,357,55.01,1103.3,584,519.3,47.07,Delivered,2025-05-05,Mobile App
OI001305,O00800,P001,2,549,0,1098.0,2% Salicylic Acid Face Serum,Serum,Oily / Acne-Prone,549,247,302,55.01,1098.0,494,604.0,55.01,Delivered,2024-12-13,Website
OI001306,O00800,P012,2,449,15,763.3,Marula Oil 5% Moisturizer,Moisturizer,Dry,449,197,252,56.12,763.3,394,369.29999999999995,48.38,Delivered,2024-12-13,Website
OI001307,O00801,P001,2,549,15,933.3,2% Salicylic Acid Face Serum,Serum,Oily / Acne-Prone,549,247,302,55.01,933.3,494,439.29999999999995,47.07,Delivered,2024-03-23,Website
OI001308,O00801,P019,1,399,20,319.2,PHA 3% Alcohol-Free Toner,Toner,Sensitive,399,166,233,58.4,319.2,166,153.2,47.99,Delivered,2024-03-23,Website
OI001310,O00803,P007,1,699,0,699.0,AHA BHA 10% Exfoliating Serum,Serum,Oily / Combination,699,322,377,53.93,699.0,322,377.0,53.93,Delivered,2024-06-02,Mobile App
OI001311,O00804,P010,1,399,10,359.1,Vitamin B5 Moisturizer,Moisturizer,All Skin Types,399,162,237,59.4,359.1,162,197.10000000000002,54.89,Delivered,2024-11-13,Website
OI001312,O00805,P009,1,349,5,331.55,Ceramide Moisturizer,Moisturizer,Dry / Sensitive,349,145,204,58.45,331.55,145,186.55,56.27,Delivered,2024-12-19,Website
OI001313,O00806,P015,1,449,5,426.55,Aqualogica Lightweight Sunscreen,Sunscreen,Oily / Combination,449,192,257,57.24,426.55,192,234.55,54.99,Delivered,2024-11-07,Website
OI001314,O00806,P002,2,599,10,1078.2,10% Niacinamide Face Serum,Serum,Oily / Combination,599,265,334,55.76,1078.2,530,548.2,50.84,Delivered,2024-11-07,Website
OI001316,O00808,P006,3,599,10,1617.3,Hyaluronic Acid 2% Serum,Serum,Dry / Dehydrated,599,258,341,56.93,1617.3,774,843.3,52.14,Delivered,2025-02-05,Marketplace
OI001317,O00808,P018,1,349,10,314.1,Glycolic Acid Face Cleanser,Cleanser,Normal / Oily,349,143,206,59.03,314.1,143,171.10000000000002,54.47,Delivered,2025-02-05,Marketplace
OI001318,O00809,P007,1,699,10,629.1,AHA BHA 10% Exfoliating Serum,Serum,Oily / Combination,699,322,377,53.93,629.1,322,307.1,48.82,Delivered,2024-11-08,Mobile App
OI001319,O00809,P004,1,649,5,616.55,Alpha Arbutin 2% Serum,Serum,All Skin Types,649,292,357,55.01,616.55,292,324.54999999999995,52.64,Delivered,2024-11-08,Mobile App
OI001320,O00810,P001,1,549,20,439.2,2% Salicylic Acid Face Serum,Serum,Oily / Acne-Prone,549,247,302,55.01,439.2,247,192.2,43.76,Delivered,2025-06-25,Website
OI001321,O00811,P005,2,699,15,1188.3,Retinol 0.3% Face Serum,Serum,Normal / Dry,699,318,381,54.51,1188.3,636,552.3,46.48,Delivered,2025-02-16,Website
OI001323,O00813,P018,1,349,10,314.1,Glycolic Acid Face Cleanser,Cleanser,Normal / Oily,349,143,206,59.03,314.1,143,171.10000000000002,54.47,Delivered,2025-01-12,Mobile App
OI001324,O00814,P005,2,699,5,1328.1,Retinol 0.3% Face Serum,Serum,Normal / Dry,699,318,381,54.51,1328.1,636,692.0999999999999,52.11,Delivered,2024-10-23,Website
OI001325,O00814,P019,1,399,15,339.15,PHA 3% Alcohol-Free Toner,Toner,Sensitive,399,166,233,58.4,339.15,166,173.14999999999998,51.05,Delivered,2024-10-23,Website
OI001326,O00814,P009,1,349,5,331.55,Ceramide Moisturizer,Moisturizer,Dry / Sensitive,349,145,204,58.45,331.55,145,186.55,56.27,Delivered,2024-10-23,Website
OI001327,O00815,P014,1,499,0,499.0,SPF 60 PA++++ Sunscreen,Sunscreen,All Skin Types,499,211,288,57.72,499.0,211,288.0,57.72,Delivered,2025-04-22,Mobile App
OI001331,O00817,P001,1,549,10,494.1,2% Salicylic Acid Face Serum,Serum,Oily / Acne-Prone,549,247,302,55.01,494.1,247,247.10000000000002,50.01,Delivered,2025-06-21,Mobile App
OI001332,O00817,P003,2,699,5,1328.1,Vitamin C 10% Face Serum,Serum,All Skin Types,699,315,384,54.94,1328.1,630,698.0999999999999,52.56,Delivered,2025-06-21,Mobile App
OI001333,O00817,P019,1,399,10,359.1,PHA 3% Alcohol-Free Toner,Toner,Sensitive,399,166,233,58.4,359.1,166,193.10000000000002,53.77,Delivered,2025-06-21,Mobile App
OI001334,O00817,P003,1,699,5,664.05,Vitamin C 10% Face Serum,Serum,All Skin Types,699,315,384,54.94,664.05,315,349.04999999999995,52.56,Delivered,2025-06-21,Mobile App
OI001337,O00819,P014,1,499,5,474.05,SPF 60 PA++++ Sunscreen,Sunscreen,All Skin Types,499,211,288,57.72,474.05,211,263.05,55.49,Delivered,2024-05-22,Mobile App
OI001338,O00819,P012,1,449,0,449.0,Marula Oil 5% Moisturizer,Moisturizer,Dry,449,197,252,56.12,449.0,197,252.0,56.12,Delivered,2024-05-22,Mobile App
OI001339,O00819,P002,2,599,15,1018.3,10% Niacinamide Face Serum,Serum,Oily / Combination,599,265,334,55.76,1018.3,530,488.29999999999995,47.95,Delivered,2024-05-22,Mobile App
OI001340,O00820,P010,2,399,0,798.0,Vitamin B5 Moisturizer,Moisturizer,All Skin Types,399,162,237,59.4,798.0,324,474.0,59.4,Delivered,2025-01-10,Website
OI001342,O00822,P027,1,399,5,379.05,Body Wash with Salicylic Acid,Body Care,Oily / Acne-Prone,399,159,240,60.15,379.05,159,220.05,58.05,Delivered,2024-01-28,Marketplace
OI001343,O00823,P013,2,399,10,718.2,SPF 50 Sunscreen,Sunscreen,All Skin Types,399,168,231,57.89,718.2,336,382.20000000000005,53.22,Delivered,2025-07-17,Mobile App
OI001344,O00824,P007,1,699,10,629.1,AHA BHA 10% Exfoliating Serum,Serum,Oily / Combination,699,322,377,53.93,629.1,322,307.1,48.82,Delivered,2024-11-13,Website
OI001345,O00825,P009,1,349,0,349.0,Ceramide Moisturizer,Moisturizer,Dry / Sensitive,349,145,204,58.45,349.0,145,204.0,58.45,Delivered,2024-02-17,Website
OI001346,O00826,P006,2,599,5,1138.1,Hyaluronic Acid 2% Serum,Serum,Dry / Dehydrated,599,258,341,56.93,1138.1,516,622.0999999999999,54.66,Delivered,2024-11-09,Mobile App
OI001347,O00827,P022,1,499,15,424.15,Multi-Peptide Eye Cream,Eye Care,Mature / Dry,499,218,281,56.31,424.15,218,206.14999999999998,48.6,Delivered,2025-10-02,Mobile App
OI001348,O00827,P015,1,449,15,381.65,Aqualogica Lightweight Sunscreen,Sunscreen,Oily / Combination,449,192,257,57.24,381.65,192,189.64999999999998,49.69,Delivered,2025-10-02,Mobile App
OI001349,O00828,P019,2,399,10,718.2,PHA 3% Alcohol-Free Toner,Toner,Sensitive,399,166,233,58.4,718.2,332,386.20000000000005,53.77,Delivered,2025-01-28,Mobile App
OI001350,O00829,P019,1,399,5,379.05,PHA 3% Alcohol-Free Toner,Toner,Sensitive,399,166,233,58.4,379.05,166,213.05,56.21,Delivered,2024-06-28,Mobile App
OI001352,O00831,P005,1,699,10,629.1,Retinol 0.3% Face Serum,Serum,Normal / Dry,699,318,381,54.51,629.1,318,311.1,49.45,Delivered,2024-06-27,Mobile App
OI001353,O00832,P001,1,549,5,521.55,2% Salicylic Acid Face Serum,Serum,Oily / Acne-Prone,549,247,302,55.01,521.55,247,274.54999999999995,52.64,Delivered,2024-05-21,Mobile App
OI001354,O00833,P002,1,599,5,569.05,10% Niacinamide Face Serum,Serum,Oily / Combination,599,265,334,55.76,569.05,265,304.04999999999995,53.43,Delivered,2024-05-30,Website
OI001355,O00833,P013,1,399,20,319.2,SPF 50 Sunscreen,Sunscreen,All Skin Types,399,168,231,57.89,319.2,168,151.2,47.37,Delivered,2024-05-30,Website
OI001356,O00834,P026,1,449,15,381.65,Body Lotion with Niacinamide,Body Care,All Skin Types,449,182,267,59.47,381.65,182,199.64999999999998,52.31,Delivered,2025-10-17,Website
OI001359,O00837,P014,2,499,5,948.1,SPF 60 PA++++ Sunscreen,Sunscreen,All Skin Types,499,211,288,57.72,948.1,422,526.1,55.49,Delivered,2024-08-16,Website
OI001362,O00839,P018,1,349,0,349.0,Glycolic Acid Face Cleanser,Cleanser,Normal / Oily,349,143,206,59.03,349.0,143,206.0,59.03,Delivered,2024-10-15,Mobile App
OI001363,O00839,P010,1,399,15,339.15,Vitamin B5 Moisturizer,Moisturizer,All Skin Types,399,162,237,59.4,339.15,162,177.14999999999998,52.23,Delivered,2024-10-15,Mobile App
OI001367,O00841,P005,3,699,20,1677.6,Retinol 0.3% Face Serum,Serum,Normal / Dry,699,318,381,54.51,1677.6,954,723.5999999999999,43.13,Delivered,2024-12-19,Marketplace
OI001368,O00842,P014,1,499,0,499.0,SPF 60 PA++++ Sunscreen,Sunscreen,All Skin Types,499,211,288,57.72,499.0,211,288.0,57.72,Delivered,2025-03-08,Website
OI001369,O00843,P002,1,599,0,599.0,10% Niacinamide Face Serum,Serum,Oily / Combination,599,265,334,55.76,599.0,265,334.0,55.76,Delivered,2024-10-30,Website
OI001370,O00843,P023,2,499,5,948.1,Anti-Dandruff Shampoo,Hair Care,Scalp Care,499,221,278,55.71,948.1,442,506.1,53.38,Delivered,2024-10-30,Website
OI001371,O00844,P012,2,449,0,898.0,Marula Oil 5% Moisturizer,Moisturizer,Dry,449,197,252,56.12,898.0,394,504.0,56.12,Delivered,2024-04-14,Marketplace
OI001372,O00844,P012,2,449,10,808.2,Marula Oil 5% Moisturizer,Moisturizer,Dry,449,197,252,56.12,808.2,394,414.20000000000005,51.25,Delivered,2024-04-14,Marketplace
OI001373,O00845,P004,1,649,10,584.1,Alpha Arbutin 2% Serum,Serum,All Skin Types,649,292,357,55.01,584.1,292,292.1,50.01,Delivered,2025-07-03,Website
OI001374,O00845,P013,1,399,5,379.05,SPF 50 Sunscreen,Sunscreen,All Skin Types,399,168,231,57.89,379.05,168,211.05,55.68,Delivered,2025-07-03,Website
OI001375,O00845,P018,2,349,20,558.4,Glycolic Acid Face Cleanser,Cleanser,Normal / Oily,349,143,206,59.03,558.4,286,272.4,48.78,Delivered,2025-07-03,Website
OI001376,O00845,P012,1,449,20,359.2,Marula Oil 5% Moisturizer,Moisturizer,Dry,449,197,252,56.12,359.2,197,162.2,45.16,Delivered,2025-07-03,Website
OI001379,O00847,P009,1,349,0,349.0,Ceramide Moisturizer,Moisturizer,Dry / Sensitive,349,145,204,58.45,349.0,145,204.0,58.45,Delivered,2025-05-23,Website
OI001380,O00847,P001,2,549,0,1098.0,2% Salicylic Acid Face Serum,Serum,Oily / Acne-Prone,549,247,302,55.01,1098.0,494,604.0,55.01,Delivered,2025-05-23,Website
OI001381,O00848,P006,1,599,15,509.15,Hyaluronic Acid 2% Serum,Serum,Dry / Dehydrated,599,258,341,56.93,509.15,258,251.14999999999998,49.33,Delivered,2025-11-06,Website
OI001383,O00850,P001,1,549,15,466.65,2% Salicylic Acid Face Serum,Serum,Oily / Acne-Prone,549,247,302,55.01,466.65,247,219.64999999999998,47.07,Delivered,2025-07-08,Website
OI001384,O00850,P008,1,799,10,719.1,Granactive Retinoid 2% Serum,Serum,Normal / Mature,799,358,441,55.19,719.1,358,361.1,50.22,Delivered,2025-07-08,Website
OI001385,O00850,P001,3,549,10,1482.3,2% Salicylic Acid Face Serum,Serum,Oily / Acne-Prone,549,247,302,55.01,1482.3,741,741.3,50.01,Delivered,2025-07-08,Website
OI001387,O00852,P026,1,449,10,404.1,Body Lotion with Niacinamide,Body Care,All Skin Types,449,182,267,59.47,404.1,182,222.10000000000002,54.96,Delivered,2025-04-13,Mobile App
OI001388,O00853,P011,1,349,10,314.1,Sepicalm 3% Moisturizer,Moisturizer,Sensitive,349,148,201,57.59,314.1,148,166.10000000000002,52.88,Delivered,2024-10-08,Mobile App
OI001389,O00853,P015,2,449,10,808.2,Aqualogica Lightweight Sunscreen,Sunscreen,Oily / Combination,449,192,257,57.24,808.2,384,424.20000000000005,52.49,Delivered,2024-10-08,Mobile App
OI001390,O00854,P001,1,549,0,549.0,2% Salicylic Acid Face Serum,Serum,Oily / Acne-Prone,549,247,302,55.01,549.0,247,302.0,55.01,Delivered,2024-06-06,Website
OI001391,O00854,P015,1,449,5,426.55,Aqualogica Lightweight Sunscreen,Sunscreen,Oily / Combination,449,192,257,57.24,426.55,192,234.55,54.99,Delivered,2024-06-06,Website
OI001392,O00854,P008,1,799,5,759.05,Granactive Retinoid 2% Serum,Serum,Normal / Mature,799,358,441,55.19,759.05,358,401.04999999999995,52.84,Delivered,2024-06-06,Website
OI001393,O00854,P012,1,449,20,359.2,Marula Oil 5% Moisturizer,Moisturizer,Dry,449,197,252,56.12,359.2,197,162.2,45.16,Delivered,2024-06-06,Website
OI001394,O00855,P025,1,599,15,509.15,Bond Repair Shampoo,Hair Care,Hair Care,599,266,333,55.59,509.15,266,243.14999999999998,47.76,Delivered,2025-09-26,Mobile App
OI001395,O00856,P003,1,699,5,664.05,Vitamin C 10% Face Serum,Serum,All Skin Types,699,315,384,54.94,664.05,315,349.04999999999995,52.56,Delivered,2024-05-23,Mobile App
OI001396,O00856,P013,1,399,20,319.2,SPF 50 Sunscreen,Sunscreen,All Skin Types,399,168,231,57.89,319.2,168,151.2,47.37,Delivered,2024-05-23,Mobile App
OI001399,O00858,P012,2,449,5,853.1,Marula Oil 5% Moisturizer,Moisturizer,Dry,449,197,252,56.12,853.1,394,459.1,53.82,Delivered,2025-08-11,Website
OI001400,O00858,P006,1,599,15,509.15,Hyaluronic Acid 2% Serum,Serum,Dry / Dehydrated,599,258,341,56.93,509.15,258,251.14999999999998,49.33,Delivered,2025-08-11,Website
OI001401,O00858,P009,1,349,5,331.55,Ceramide Moisturizer,Moisturizer,Dry / Sensitive,349,145,204,58.45,331.55,145,186.55,56.27,Delivered,2025-08-11,Website
OI001405,O00860,P004,1,649,5,616.55,Alpha Arbutin 2% Serum,Serum,All Skin Types,649,292,357,55.01,616.55,292,324.54999999999995,52.64,Delivered,2024-11-12,Website
OI001406,O00861,P006,1,599,0,599.0,Hyaluronic Acid 2% Serum,Serum,Dry / Dehydrated,599,258,341,56.93,599.0,258,341.0,56.93,Delivered,2024-04-09,Website
OI001407,O00861,P023,2,499,15,848.3,Anti-Dandruff Shampoo,Hair Care,Scalp Care,499,221,278,55.71,848.3,442,406.29999999999995,47.9,Delivered,2024-04-09,Website
OI001408,O00861,P017,1,299,5,284.05,Oat Extract Gentle Cleanser,Cleanser,Sensitive / Dry,299,121,178,59.53,284.05,121,163.05,57.4,Delivered,2024-04-09,Website
OI001409,O00862,P018,1,349,5,331.55,Glycolic Acid Face Cleanser,Cleanser,Normal / Oily,349,143,206,59.03,331.55,143,188.55,56.87,Delivered,2024-05-04,Mobile App
OI001410,O00862,P001,1,549,10,494.1,2% Salicylic Acid Face Serum,Serum,Oily / Acne-Prone,549,247,302,55.01,494.1,247,247.10000000000002,50.01,Delivered,2024-05-04,Mobile App
OI001412,O00864,P015,1,449,5,426.55,Aqualogica Lightweight Sunscreen,Sunscreen,Oily / Combination,449,192,257,57.24,426.55,192,234.55,54.99,Delivered,2025-05-19,Mobile App
OI001414,O00866,P027,1,399,20,319.2,Body Wash with Salicylic Acid,Body Care,Oily / Acne-Prone,399,159,240,60.15,319.2,159,160.2,50.19,Delivered,2024-06-08,Mobile App
OI001415,O00867,P004,1,649,5,616.55,Alpha Arbutin 2% Serum,Serum,All Skin Types,649,292,357,55.01,616.55,292,324.54999999999995,52.64,Delivered,2024-11-12,Mobile App
OI001416,O00868,P018,1,349,15,296.65,Glycolic Acid Face Cleanser,Cleanser,Normal / Oily,349,143,206,59.03,296.65,143,153.64999999999998,51.8,Delivered,2025-04-04,Website
OI001417,O00869,P021,1,399,15,339.15,Caffeine Under Eye Cream,Eye Care,All Skin Types,399,157,242,60.65,339.15,157,182.14999999999998,53.71,Delivered,2024-08-02,Mobile App
OI001418,O00869,P003,1,699,10,629.1,Vitamin C 10% Face Serum,Serum,All Skin Types,699,315,384,54.94,629.1,315,314.1,49.93,Delivered,2024-08-02,Mobile App
OI001419,O00870,P010,1,399,5,379.05,Vitamin B5 Moisturizer,Moisturizer,All Skin Types,399,162,237,59.4,379.05,162,217.05,57.26,Delivered,2024-11-08,Mobile App
OI001420,O00871,P018,1,349,10,314.1,Glycolic Acid Face Cleanser,Cleanser,Normal / Oily,349,143,206,59.03,314.1,143,171.10000000000002,54.47,Delivered,2025-01-23,Website
OI001423,O00873,P013,1,399,0,399.0,SPF 50 Sunscreen,Sunscreen,All Skin Types,399,168,231,57.89,399.0,168,231.0,57.89,Delivered,2025-01-31,Mobile App
OI001424,O00874,P006,1,599,0,599.0,Hyaluronic Acid 2% Serum,Serum,Dry / Dehydrated,599,258,341,56.93,599.0,258,341.0,56.93,Delivered,2024-04-13,Mobile App
OI001425,O00874,P013,1,399,15,339.15,SPF 50 Sunscreen,Sunscreen,All Skin Types,399,168,231,57.89,339.15,168,171.14999999999998,50.46,Delivered,2024-04-13,Mobile App
OI001426,O00875,P015,1,449,20,359.2,Aqualogica Lightweight Sunscreen,Sunscreen,Oily / Combination,449,192,257,57.24,359.2,192,167.2,46.55,Delivered,2025-07-07,Website
OI001427,O00876,P003,1,699,15,594.15,Vitamin C 10% Face Serum,Serum,All Skin Types,699,315,384,54.94,594.15,315,279.15,46.98,Delivered,2024-09-24,Website
OI001428,O00876,P025,1,599,0,599.0,Bond Repair Shampoo,Hair Care,Hair Care,599,266,333,55.59,599.0,266,333.0,55.59,Delivered,2024-09-24,Website
OI001429,O00877,P025,1,599,10,539.1,Bond Repair Shampoo,Hair Care,Hair Care,599,266,333,55.59,539.1,266,273.1,50.66,Delivered,2025-09-02,Website
OI001430,O00878,P002,1,599,0,599.0,10% Niacinamide Face Serum,Serum,Oily / Combination,599,265,334,55.76,599.0,265,334.0,55.76,Delivered,2025-10-16,Mobile App
OI001431,O00878,P004,1,649,10,584.1,Alpha Arbutin 2% Serum,Serum,All Skin Types,649,292,357,55.01,584.1,292,292.1,50.01,Delivered,2025-10-16,Mobile App
OI001435,O00881,P008,1,799,10,719.1,Granactive Retinoid 2% Serum,Serum,Normal / Mature,799,358,441,55.19,719.1,358,361.1,50.22,Delivered,2024-11-01,Mobile App
OI001436,O00881,P001,1,549,15,466.65,2% Salicylic Acid Face Serum,Serum,Oily / Acne-Prone,549,247,302,55.01,466.65,247,219.64999999999998,47.07,Delivered,2024-11-01,Mobile App
OI001439,O00884,P018,1,349,15,296.65,Glycolic Acid Face Cleanser,Cleanser,Normal / Oily,349,143,206,59.03,296.65,143,153.64999999999998,51.8,Delivered,2024-08-16,Website
OI001440,O00885,P010,1,399,10,359.1,Vitamin B5 Moisturizer,Moisturizer,All Skin Types,399,162,237,59.4,359.1,162,197.10000000000002,54.89,Delivered,2024-09-11,Website
OI001441,O00885,P008,1,799,20,639.2,Granactive Retinoid 2% Serum,Serum,Normal / Mature,799,358,441,55.19,639.2,358,281.20000000000005,43.99,Delivered,2024-09-11,Website
OI001442,O00886,P016,1,299,5,284.05,Salicylic Acid Face Cleanser,Cleanser,Oily / Acne-Prone,299,117,182,60.87,284.05,117,167.05,58.81,Delivered,2024-06-02,Website
OI001443,O00886,P015,1,449,10,404.1,Aqualogica Lightweight Sunscreen,Sunscreen,Oily / Combination,449,192,257,57.24,404.1,192,212.10000000000002,52.49,Delivered,2024-06-02,Website
OI001447,O00889,P006,1,599,0,599.0,Hyaluronic Acid 2% Serum,Serum,Dry / Dehydrated,599,258,341,56.93,599.0,258,341.0,56.93,Delivered,2024-11-30,Website
OI001448,O00889,P002,1,599,10,539.1,10% Niacinamide Face Serum,Serum,Oily / Combination,599,265,334,55.76,539.1,265,274.1,50.84,Delivered,2024-11-30,Website
OI001449,O00890,P023,1,499,5,474.05,Anti-Dandruff Shampoo,Hair Care,Scalp Care,499,221,278,55.71,474.05,221,253.05,53.38,Delivered,2025-08-19,Marketplace
OI001450,O00891,P015,1,449,5,426.55,Aqualogica Lightweight Sunscreen,Sunscreen,Oily / Combination,449,192,257,57.24,426.55,192,234.55,54.99,Delivered,2024-04-19,Mobile App
OI001451,O00891,P005,1,699,0,699.0,Retinol 0.3% Face Serum,Serum,Normal / Dry,699,318,381,54.51,699.0,318,381.0,54.51,Delivered,2024-04-19,Mobile App
OI001452,O00892,P015,1,449,15,381.65,Aqualogica Lightweight Sunscreen,Sunscreen,Oily / Combination,449,192,257,57.24,381.65,192,189.64999999999998,49.69,Delivered,2025-05-23,Website
OI001453,O00892,P009,1,349,5,331.55,Ceramide Moisturizer,Moisturizer,Dry / Sensitive,349,145,204,58.45,331.55,145,186.55,56.27,Delivered,2025-05-23,Website
OI001454,O00893,P001,1,549,0,549.0,2% Salicylic Acid Face Serum,Serum,Oily / Acne-Prone,549,247,302,55.01,549.0,247,302.0,55.01,Delivered,2025-05-06,Website
OI001456,O00895,P011,1,349,0,349.0,Sepicalm 3% Moisturizer,Moisturizer,Sensitive,349,148,201,57.59,349.0,148,201.0,57.59,Delivered,2024-03-03,Website
OI001457,O00896,P012,1,449,5,426.55,Marula Oil 5% Moisturizer,Moisturizer,Dry,449,197,252,56.12,426.55,197,229.55,53.82,Delivered,2025-10-18,Website
OI001458,O00897,P014,2,499,20,798.4,SPF 60 PA++++ Sunscreen,Sunscreen,All Skin Types,499,211,288,57.72,798.4,422,376.4,47.14,Delivered,2024-05-03,Mobile App
OI001459,O00897,P004,2,649,15,1103.3,Alpha Arbutin 2% Serum,Serum,All Skin Types,649,292,357,55.01,1103.3,584,519.3,47.07,Delivered,2024-05-03,Mobile App
OI001460,O00898,P006,1,599,0,599.0,Hyaluronic Acid 2% Serum,Serum,Dry / Dehydrated,599,258,341,56.93,599.0,258,341.0,56.93,Delivered,2025-06-21,Website
OI001461,O00899,P006,1,599,10,539.1,Hyaluronic Acid 2% Serum,Serum,Dry / Dehydrated,599,258,341,56.93,539.1,258,281.1,52.14,Delivered,2025-08-25,Website
OI001462,O00899,P006,2,599,10,1078.2,Hyaluronic Acid 2% Serum,Serum,Dry / Dehydrated,599,258,341,56.93,1078.2,516,562.2,52.14,Delivered,2025-08-25,Website
OI001463,O00900,P004,1,649,10,584.1,Alpha Arbutin 2% Serum,Serum,All Skin Types,649,292,357,55.01,584.1,292,292.1,50.01,Delivered,2024-10-03,Mobile App
OI001464,O00901,P010,1,399,5,379.05,Vitamin B5 Moisturizer,Moisturizer,All Skin Types,399,162,237,59.4,379.05,162,217.05,57.26,Delivered,2025-09-12,Website
OI001466,O00903,P028,1,249,20,199.2,Lip Balm SPF 30,Lip Care,All Skin Types,249,92,157,63.05,199.2,92,107.19999999999999,53.82,Delivered,2025-12-06,Mobile App
OI001467,O00903,P010,1,399,5,379.05,Vitamin B5 Moisturizer,Moisturizer,All Skin Types,399,162,237,59.4,379.05,162,217.05,57.26,Delivered,2025-12-06,Mobile App
OI001468,O00903,P001,3,549,10,1482.3,2% Salicylic Acid Face Serum,Serum,Oily / Acne-Prone,549,247,302,55.01,1482.3,741,741.3,50.01,Delivered,2025-12-06,Mobile App
OI001469,O00904,P004,1,649,0,649.0,Alpha Arbutin 2% Serum,Serum,All Skin Types,649,292,357,55.01,649.0,292,357.0,55.01,Delivered,2025-04-16,Website
OI001470,O00905,P004,1,649,25,486.75,Alpha Arbutin 2% Serum,Serum,All Skin Types,649,292,357,55.01,486.75,292,194.75,40.01,Delivered,2025-09-21,Mobile App
OI001474,O00907,P009,1,349,0,349.0,Ceramide Moisturizer,Moisturizer,Dry / Sensitive,349,145,204,58.45,349.0,145,204.0,58.45,Delivered,2025-01-26,Mobile App
OI001475,O00907,P002,1,599,0,599.0,10% Niacinamide Face Serum,Serum,Oily / Combination,599,265,334,55.76,599.0,265,334.0,55.76,Delivered,2025-01-26,Mobile App
OI001476,O00908,P011,1,349,10,314.1,Sepicalm 3% Moisturizer,Moisturizer,Sensitive,349,148,201,57.59,314.1,148,166.10000000000002,52.88,Delivered,2025-08-27,Mobile App
OI001477,O00909,P002,1,599,10,539.1,10% Niacinamide Face Serum,Serum,Oily / Combination,599,265,334,55.76,539.1,265,274.1,50.84,Delivered,2024-02-21,Website
OI001478,O00909,P014,1,499,5,474.05,SPF 60 PA++++ Sunscreen,Sunscreen,All Skin Types,499,211,288,57.72,474.05,211,263.05,55.49,Delivered,2024-02-21,Website
OI001479,O00909,P003,1,699,15,594.15,Vitamin C 10% Face Serum,Serum,All Skin Types,699,315,384,54.94,594.15,315,279.15,46.98,Delivered,2024-02-21,Website
OI001480,O00910,P021,1,399,5,379.05,Caffeine Under Eye Cream,Eye Care,All Skin Types,399,157,242,60.65,379.05,157,222.05,58.58,Delivered,2024-12-07,Website
OI001481,O00910,P016,1,299,10,269.1,Salicylic Acid Face Cleanser,Cleanser,Oily / Acne-Prone,299,117,182,60.87,269.1,117,152.10000000000002,56.52,Delivered,2024-12-07,Website
OI001482,O00911,P010,1,399,5,379.05,Vitamin B5 Moisturizer,Moisturizer,All Skin Types,399,162,237,59.4,379.05,162,217.05,57.26,Delivered,2024-09-28,Website
OI001484,O00913,P003,3,699,15,1782.45,Vitamin C 10% Face Serum,Serum,All Skin Types,699,315,384,54.94,1782.45,945,837.45,46.98,Delivered,2024-09-29,Mobile App
OI001485,O00913,P006,1,599,10,539.1,Hyaluronic Acid 2% Serum,Serum,Dry / Dehydrated,599,258,341,56.93,539.1,258,281.1,52.14,Delivered,2024-09-29,Mobile App
OI001486,O00913,P011,1,349,10,314.1,Sepicalm 3% Moisturizer,Moisturizer,Sensitive,349,148,201,57.59,314.1,148,166.10000000000002,52.88,Delivered,2024-09-29,Mobile App
OI001487,O00914,P024,1,799,20,639.2,Hair Growth Actives Serum,Hair Care,Scalp Care,799,372,427,53.44,639.2,372,267.20000000000005,41.8,Delivered,2024-09-11,Mobile App
OI001488,O00914,P017,1,299,25,224.25,Oat Extract Gentle Cleanser,Cleanser,Sensitive / Dry,299,121,178,59.53,224.25,121,103.25,46.04,Delivered,2024-09-11,Mobile App
OI001489,O00914,P003,1,699,5,664.05,Vitamin C 10% Face Serum,Serum,All Skin Types,699,315,384,54.94,664.05,315,349.04999999999995,52.56,Delivered,2024-09-11,Mobile App
OI001490,O00914,P005,1,699,0,699.0,Retinol 0.3% Face Serum,Serum,Normal / Dry,699,318,381,54.51,699.0,318,381.0,54.51,Delivered,2024-09-11,Mobile App
OI001492,O00916,P018,2,349,20,558.4,Glycolic Acid Face Cleanser,Cleanser,Normal / Oily,349,143,206,59.03,558.4,286,272.4,48.78,Delivered,2024-10-23,Mobile App
OI001493,O00917,P011,1,349,5,331.55,Sepicalm 3% Moisturizer,Moisturizer,Sensitive,349,148,201,57.59,331.55,148,183.55,55.36,Delivered,2025-07-13,Mobile App
OI001494,O00917,P013,1,399,25,299.25,SPF 50 Sunscreen,Sunscreen,All Skin Types,399,168,231,57.89,299.25,168,131.25,43.86,Delivered,2025-07-13,Mobile App
OI001495,O00917,P002,2,599,15,1018.3,10% Niacinamide Face Serum,Serum,Oily / Combination,599,265,334,55.76,1018.3,530,488.29999999999995,47.95,Delivered,2025-07-13,Mobile App
OI001496,O00918,P006,1,599,10,539.1,Hyaluronic Acid 2% Serum,Serum,Dry / Dehydrated,599,258,341,56.93,539.1,258,281.1,52.14,Delivered,2025-01-20,Website
OI001497,O00918,P028,1,249,20,199.2,Lip Balm SPF 30,Lip Care,All Skin Types,249,92,157,63.05,199.2,92,107.19999999999999,53.82,Delivered,2025-01-20,Website
OI001498,O00919,P004,2,649,25,973.5,Alpha Arbutin 2% Serum,Serum,All Skin Types,649,292,357,55.01,973.5,584,389.5,40.01,Delivered,2024-11-17,Website
OI001499,O00919,P023,1,499,20,399.2,Anti-Dandruff Shampoo,Hair Care,Scalp Care,499,221,278,55.71,399.2,221,178.2,44.64,Delivered,2024-11-17,Website
OI001500,O00920,P009,1,349,5,331.55,Ceramide Moisturizer,Moisturizer,Dry / Sensitive,349,145,204,58.45,331.55,145,186.55,56.27,Delivered,2025-11-30,Mobile App
OI001501,O00921,P003,1,699,10,629.1,Vitamin C 10% Face Serum,Serum,All Skin Types,699,315,384,54.94,629.1,315,314.1,49.93,Delivered,2025-01-23,Mobile App
OI001502,O00922,P012,1,449,15,381.65,Marula Oil 5% Moisturizer,Moisturizer,Dry,449,197,252,56.12,381.65,197,184.64999999999998,48.38,Delivered,2025-11-29,Mobile App
OI001504,O00924,P006,2,599,5,1138.1,Hyaluronic Acid 2% Serum,Serum,Dry / Dehydrated,599,258,341,56.93,1138.1,516,622.0999999999999,54.66,Delivered,2024-11-22,Mobile App
OI001505,O00925,P008,1,799,20,639.2,Granactive Retinoid 2% Serum,Serum,Normal / Mature,799,358,441,55.19,639.2,358,281.20000000000005,43.99,Delivered,2025-03-04,Mobile App
OI001506,O00925,P026,1,449,20,359.2,Body Lotion with Niacinamide,Body Care,All Skin Types,449,182,267,59.47,359.2,182,177.2,49.33,Delivered,2025-03-04,Mobile App
OI001507,O00926,P009,1,349,15,296.65,Ceramide Moisturizer,Moisturizer,Dry / Sensitive,349,145,204,58.45,296.65,145,151.64999999999998,51.12,Delivered,2025-05-04,Mobile App
OI001508,O00926,P003,1,699,5,664.05,Vitamin C 10% Face Serum,Serum,All Skin Types,699,315,384,54.94,664.05,315,349.04999999999995,52.56,Delivered,2025-05-04,Mobile App
OI001509,O00927,P028,1,249,10,224.1,Lip Balm SPF 30,Lip Care,All Skin Types,249,92,157,63.05,224.1,92,132.1,58.95,Delivered,2024-09-14,Website
OI001510,O00927,P001,1,549,15,466.65,2% Salicylic Acid Face Serum,Serum,Oily / Acne-Prone,549,247,302,55.01,466.65,247,219.64999999999998,47.07,Delivered,2024-09-14,Website
OI001512,O00929,P008,1,799,5,759.05,Granactive Retinoid 2% Serum,Serum,Normal / Mature,799,358,441,55.19,759.05,358,401.04999999999995,52.84,Delivered,2025-08-14,Website
OI001515,O00931,P003,1,699,20,559.2,Vitamin C 10% Face Serum,Serum,All Skin Types,699,315,384,54.94,559.2,315,244.20000000000005,43.67,Delivered,2025-10-29,Mobile App
OI001516,O00932,P019,1,399,5,379.05,PHA 3% Alcohol-Free Toner,Toner,Sensitive,399,166,233,58.4,379.05,166,213.05,56.21,Delivered,2025-05-18,Website
OI001517,O00933,P009,2,349,0,698.0,Ceramide Moisturizer,Moisturizer,Dry / Sensitive,349,145,204,58.45,698.0,290,408.0,58.45,Delivered,2024-10-30,Mobile App
OI001518,O00933,P001,2,549,25,823.5,2% Salicylic Acid Face Serum,Serum,Oily / Acne-Prone,549,247,302,55.01,823.5,494,329.5,40.01,Delivered,2024-10-30,Mobile App
OI001519,O00933,P013,2,399,5,758.1,SPF 50 Sunscreen,Sunscreen,All Skin Types,399,168,231,57.89,758.1,336,422.1,55.68,Delivered,2024-10-30,Mobile App
OI001520,O00934,P024,2,799,20,1278.4,Hair Growth Actives Serum,Hair Care,Scalp Care,799,372,427,53.44,1278.4,744,534.4000000000001,41.8,Delivered,2025-07-12,Website
OI001521,O00934,P001,2,549,15,933.3,2% Salicylic Acid Face Serum,Serum,Oily / Acne-Prone,549,247,302,55.01,933.3,494,439.29999999999995,47.07,Delivered,2025-07-12,Website
OI001522,O00935,P004,1,649,20,519.2,Alpha Arbutin 2% Serum,Serum,All Skin Types,649,292,357,55.01,519.2,292,227.20000000000005,43.76,Delivered,2025-03-27,Mobile App
OI001523,O00936,P015,1,449,20,359.2,Aqualogica Lightweight Sunscreen,Sunscreen,Oily / Combination,449,192,257,57.24,359.2,192,167.2,46.55,Delivered,2024-03-08,Mobile App
OI001524,O00937,P014,1,499,15,424.15,SPF 60 PA++++ Sunscreen,Sunscreen,All Skin Types,499,211,288,57.72,424.15,211,213.14999999999998,50.25,Delivered,2025-05-29,Website
OI001525,O00937,P028,2,249,15,423.3,Lip Balm SPF 30,Lip Care,All Skin Types,249,92,157,63.05,423.3,184,239.3,56.53,Delivered,2025-05-29,Website
OI001526,O00938,P018,1,349,15,296.65,Glycolic Acid Face Cleanser,Cleanser,Normal / Oily,349,143,206,59.03,296.65,143,153.64999999999998,51.8,Delivered,2025-01-31,Website
OI001527,O00939,P028,3,249,10,672.3,Lip Balm SPF 30,Lip Care,All Skin Types,249,92,157,63.05,672.3,276,396.29999999999995,58.95,Delivered,2024-08-19,Mobile App
OI001528,O00940,P013,1,399,0,399.0,SPF 50 Sunscreen,Sunscreen,All Skin Types,399,168,231,57.89,399.0,168,231.0,57.89,Delivered,2025-08-03,Marketplace
OI001529,O00940,P005,1,699,0,699.0,Retinol 0.3% Face Serum,Serum,Normal / Dry,699,318,381,54.51,699.0,318,381.0,54.51,Delivered,2025-08-03,Marketplace
OI001530,O00941,P024,1,799,15,679.15,Hair Growth Actives Serum,Hair Care,Scalp Care,799,372,427,53.44,679.15,372,307.15,45.23,Delivered,2025-03-20,Mobile App
OI001531,O00941,P025,1,599,10,539.1,Bond Repair Shampoo,Hair Care,Hair Care,599,266,333,55.59,539.1,266,273.1,50.66,Delivered,2025-03-20,Mobile App
OI001532,O00942,P014,1,499,15,424.15,SPF 60 PA++++ Sunscreen,Sunscreen,All Skin Types,499,211,288,57.72,424.15,211,213.14999999999998,50.25,Delivered,2024-08-28,Website
OI001533,O00942,P018,1,349,10,314.1,Glycolic Acid Face Cleanser,Cleanser,Normal / Oily,349,143,206,59.03,314.1,143,171.10000000000002,54.47,Delivered,2024-08-28,Website
OI001534,O00942,P020,1,349,5,331.55,Rose Water Hydrating Toner,Toner,All Skin Types,349,139,210,60.17,331.55,139,192.55,58.08,Delivered,2024-08-28,Website
OI001535,O00943,P022,1,499,0,499.0,Multi-Peptide Eye Cream,Eye Care,Mature / Dry,499,218,281,56.31,499.0,218,281.0,56.31,Delivered,2025-11-23,Mobile App
OI001536,O00944,P025,1,599,5,569.05,Bond Repair Shampoo,Hair Care,Hair Care,599,266,333,55.59,569.05,266,303.04999999999995,53.26,Delivered,2025-03-24,Website
OI001537,O00945,P006,1,599,10,539.1,Hyaluronic Acid 2% Serum,Serum,Dry / Dehydrated,599,258,341,56.93,539.1,258,281.1,52.14,Delivered,2025-01-14,Mobile App
OI001538,O00945,P007,2,699,10,1258.2,AHA BHA 10% Exfoliating Serum,Serum,Oily / Combination,699,322,377,53.93,1258.2,644,614.2,48.82,Delivered,2025-01-14,Mobile App
OI001539,O00945,P021,1,399,10,359.1,Caffeine Under Eye Cream,Eye Care,All Skin Types,399,157,242,60.65,359.1,157,202.10000000000002,56.28,Delivered,2025-01-14,Mobile App
OI001540,O00945,P013,1,399,0,399.0,SPF 50 Sunscreen,Sunscreen,All Skin Types,399,168,231,57.89,399.0,168,231.0,57.89,Delivered,2025-01-14,Mobile App
OI001541,O00946,P015,1,449,15,381.65,Aqualogica Lightweight Sunscreen,Sunscreen,Oily / Combination,449,192,257,57.24,381.65,192,189.64999999999998,49.69,Delivered,2025-03-05,Website
OI001542,O00946,P004,1,649,10,584.1,Alpha Arbutin 2% Serum,Serum,All Skin Types,649,292,357,55.01,584.1,292,292.1,50.01,Delivered,2025-03-05,Website
OI001543,O00947,P009,1,349,0,349.0,Ceramide Moisturizer,Moisturizer,Dry / Sensitive,349,145,204,58.45,349.0,145,204.0,58.45,Delivered,2025-08-20,Mobile App
OI001544,O00948,P019,1,399,10,359.1,PHA 3% Alcohol-Free Toner,Toner,Sensitive,399,166,233,58.4,359.1,166,193.10000000000002,53.77,Delivered,2025-08-13,Website
OI001545,O00948,P009,2,349,0,698.0,Ceramide Moisturizer,Moisturizer,Dry / Sensitive,349,145,204,58.45,698.0,290,408.0,58.45,Delivered,2025-08-13,Website
OI001546,O00948,P023,1,499,25,374.25,Anti-Dandruff Shampoo,Hair Care,Scalp Care,499,221,278,55.71,374.25,221,153.25,40.95,Delivered,2025-08-13,Website
OI001547,O00949,P012,1,449,0,449.0,Marula Oil 5% Moisturizer,Moisturizer,Dry,449,197,252,56.12,449.0,197,252.0,56.12,Delivered,2024-03-15,Marketplace
OI001548,O00950,P010,1,399,0,399.0,Vitamin B5 Moisturizer,Moisturizer,All Skin Types,399,162,237,59.4,399.0,162,237.0,59.4,Delivered,2025-11-20,Website
OI001549,O00950,P003,1,699,10,629.1,Vitamin C 10% Face Serum,Serum,All Skin Types,699,315,384,54.94,629.1,315,314.1,49.93,Delivered,2025-11-20,Website
OI001550,O00951,P012,2,449,5,853.1,Marula Oil 5% Moisturizer,Moisturizer,Dry,449,197,252,56.12,853.1,394,459.1,53.82,Delivered,2025-01-10,Website
OI001551,O00952,P026,2,449,5,853.1,Body Lotion with Niacinamide,Body Care,All Skin Types,449,182,267,59.47,853.1,364,489.1,57.33,Delivered,2024-01-01,Website
OI001552,O00953,P024,1,799,10,719.1,Hair Growth Actives Serum,Hair Care,Scalp Care,799,372,427,53.44,719.1,372,347.1,48.27,Delivered,2025-04-26,Mobile App
OI001553,O00953,P007,2,699,10,1258.2,AHA BHA 10% Exfoliating Serum,Serum,Oily / Combination,699,322,377,53.93,1258.2,644,614.2,48.82,Delivered,2025-04-26,Mobile App
OI001554,O00953,P002,1,599,5,569.05,10% Niacinamide Face Serum,Serum,Oily / Combination,599,265,334,55.76,569.05,265,304.04999999999995,53.43,Delivered,2025-04-26,Mobile App
OI001555,O00954,P002,1,599,0,599.0,10% Niacinamide Face Serum,Serum,Oily / Combination,599,265,334,55.76,599.0,265,334.0,55.76,Delivered,2024-08-10,Mobile App
OI001556,O00954,P003,1,699,10,629.1,Vitamin C 10% Face Serum,Serum,All Skin Types,699,315,384,54.94,629.1,315,314.1,49.93,Delivered,2024-08-10,Mobile App
OI001557,O00955,P027,2,399,10,718.2,Body Wash with Salicylic Acid,Body Care,Oily / Acne-Prone,399,159,240,60.15,718.2,318,400.20000000000005,55.72,Delivered,2024-03-29,Website
OI001558,O00956,P022,1,499,5,474.05,Multi-Peptide Eye Cream,Eye Care,Mature / Dry,499,218,281,56.31,474.05,218,256.05,54.01,Delivered,2025-03-16,Website
OI001559,O00956,P016,1,299,15,254.15,Salicylic Acid Face Cleanser,Cleanser,Oily / Acne-Prone,299,117,182,60.87,254.15,117,137.15,53.96,Delivered,2025-03-16,Website
OI001560,O00956,P024,1,799,10,719.1,Hair Growth Actives Serum,Hair Care,Scalp Care,799,372,427,53.44,719.1,372,347.1,48.27,Delivered,2025-03-16,Website
OI001561,O00957,P007,1,699,15,594.15,AHA BHA 10% Exfoliating Serum,Serum,Oily / Combination,699,322,377,53.93,594.15,322,272.15,45.8,Delivered,2025-08-30,Website
OI001562,O00957,P011,1,349,10,314.1,Sepicalm 3% Moisturizer,Moisturizer,Sensitive,349,148,201,57.59,314.1,148,166.10000000000002,52.88,Delivered,2025-08-30,Website
OI001563,O00958,P002,1,599,5,569.05,10% Niacinamide Face Serum,Serum,Oily / Combination,599,265,334,55.76,569.05,265,304.04999999999995,53.43,Delivered,2024-07-26,Marketplace
OI001564,O00958,P006,1,599,10,539.1,Hyaluronic Acid 2% Serum,Serum,Dry / Dehydrated,599,258,341,56.93,539.1,258,281.1,52.14,Delivered,2024-07-26,Marketplace
OI001565,O00959,P004,1,649,10,584.1,Alpha Arbutin 2% Serum,Serum,All Skin Types,649,292,357,55.01,584.1,292,292.1,50.01,Delivered,2025-01-03,Website
OI001566,O00959,P012,1,449,5,426.55,Marula Oil 5% Moisturizer,Moisturizer,Dry,449,197,252,56.12,426.55,197,229.55,53.82,Delivered,2025-01-03,Website
OI001567,O00959,P010,1,399,10,359.1,Vitamin B5 Moisturizer,Moisturizer,All Skin Types,399,162,237,59.4,359.1,162,197.10000000000002,54.89,Delivered,2025-01-03,Website
OI001568,O00960,P006,2,599,15,1018.3,Hyaluronic Acid 2% Serum,Serum,Dry / Dehydrated,599,258,341,56.93,1018.3,516,502.29999999999995,49.33,Delivered,2024-11-02,Marketplace
OI001569,O00961,P017,1,299,0,299.0,Oat Extract Gentle Cleanser,Cleanser,Sensitive / Dry,299,121,178,59.53,299.0,121,178.0,59.53,Delivered,2024-05-21,Mobile App
OI001570,O00961,P009,3,349,0,1047.0,Ceramide Moisturizer,Moisturizer,Dry / Sensitive,349,145,204,58.45,1047.0,435,612.0,58.45,Delivered,2024-05-21,Mobile App
OI001571,O00961,P011,1,349,15,296.65,Sepicalm 3% Moisturizer,Moisturizer,Sensitive,349,148,201,57.59,296.65,148,148.64999999999998,50.11,Delivered,2024-05-21,Mobile App
OI001572,O00962,P024,1,799,0,799.0,Hair Growth Actives Serum,Hair Care,Scalp Care,799,372,427,53.44,799.0,372,427.0,53.44,Delivered,2024-02-13,Mobile App
OI001573,O00962,P003,1,699,20,559.2,Vitamin C 10% Face Serum,Serum,All Skin Types,699,315,384,54.94,559.2,315,244.20000000000005,43.67,Delivered,2024-02-13,Mobile App
OI001574,O00963,P017,1,299,0,299.0,Oat Extract Gentle Cleanser,Cleanser,Sensitive / Dry,299,121,178,59.53,299.0,121,178.0,59.53,Delivered,2024-05-25,Mobile App
OI001575,O00964,P003,1,699,5,664.05,Vitamin C 10% Face Serum,Serum,All Skin Types,699,315,384,54.94,664.05,315,349.04999999999995,52.56,Delivered,2024-10-01,Website
OI001576,O00965,P008,2,799,20,1278.4,Granactive Retinoid 2% Serum,Serum,Normal / Mature,799,358,441,55.19,1278.4,716,562.4000000000001,43.99,Delivered,2024-06-10,Website
OI001577,O00966,P004,1,649,10,584.1,Alpha Arbutin 2% Serum,Serum,All Skin Types,649,292,357,55.01,584.1,292,292.1,50.01,Delivered,2024-02-02,Website
OI001578,O00967,P001,1,549,25,411.75,2% Salicylic Acid Face Serum,Serum,Oily / Acne-Prone,549,247,302,55.01,411.75,247,164.75,40.01,Delivered,2025-11-21,Mobile App
OI001579,O00968,P015,3,449,5,1279.65,Aqualogica Lightweight Sunscreen,Sunscreen,Oily / Combination,449,192,257,57.24,1279.65,576,703.6500000000001,54.99,Delivered,2024-01-04,Website
OI001580,O00969,P025,1,599,0,599.0,Bond Repair Shampoo,Hair Care,Hair Care,599,266,333,55.59,599.0,266,333.0,55.59,Delivered,2025-09-22,Website
OI001581,O00969,P016,1,299,0,299.0,Salicylic Acid Face Cleanser,Cleanser,Oily / Acne-Prone,299,117,182,60.87,299.0,117,182.0,60.87,Delivered,2025-09-22,Website
OI001582,O00970,P002,1,599,5,569.05,10% Niacinamide Face Serum,Serum,Oily / Combination,599,265,334,55.76,569.05,265,304.04999999999995,53.43,Delivered,2024-08-16,Marketplace
OI001583,O00971,P005,2,699,5,1328.1,Retinol 0.3% Face Serum,Serum,Normal / Dry,699,318,381,54.51,1328.1,636,692.0999999999999,52.11,Delivered,2025-05-05,Mobile App
OI001584,O00972,P001,1,549,5,521.55,2% Salicylic Acid Face Serum,Serum,Oily / Acne-Prone,549,247,302,55.01,521.55,247,274.54999999999995,52.64,Delivered,2025-01-28,Mobile App
OI001585,O00973,P004,2,649,15,1103.3,Alpha Arbutin 2% Serum,Serum,All Skin Types,649,292,357,55.01,1103.3,584,519.3,47.07,Delivered,2025-02-04,Website
OI001586,O00974,P025,1,599,15,509.15,Bond Repair Shampoo,Hair Care,Hair Care,599,266,333,55.59,509.15,266,243.14999999999998,47.76,Delivered,2024-12-04,Website
OI001587,O00975,P003,2,699,10,1258.2,Vitamin C 10% Face Serum,Serum,All Skin Types,699,315,384,54.94,1258.2,630,628.2,49.93,Delivered,2025-07-07,Website
OI001588,O00975,P009,1,349,20,279.2,Ceramide Moisturizer,Moisturizer,Dry / Sensitive,349,145,204,58.45,279.2,145,134.2,48.07,Delivered,2025-07-07,Website
OI001589,O00975,P010,1,399,25,299.25,Vitamin B5 Moisturizer,Moisturizer,All Skin Types,399,162,237,59.4,299.25,162,137.25,45.86,Delivered,2025-07-07,Website
OI001593,O00978,P004,1,649,10,584.1,Alpha Arbutin 2% Serum,Serum,All Skin Types,649,292,357,55.01,584.1,292,292.1,50.01,Delivered,2024-06-14,Website
OI001594,O00978,P016,1,299,20,239.2,Salicylic Acid Face Cleanser,Cleanser,Oily / Acne-Prone,299,117,182,60.87,239.2,117,122.19999999999999,51.09,Delivered,2024-06-14,Website
OI001595,O00979,P002,1,599,5,569.05,10% Niacinamide Face Serum,Serum,Oily / Combination,599,265,334,55.76,569.05,265,304.04999999999995,53.43,Delivered,2024-08-11,Website
OI001596,O00980,P019,1,399,15,339.15,PHA 3% Alcohol-Free Toner,Toner,Sensitive,399,166,233,58.4,339.15,166,173.14999999999998,51.05,Delivered,2025-12-21,Mobile App
OI001597,O00980,P025,1,599,20,479.2,Bond Repair Shampoo,Hair Care,Hair Care,599,266,333,55.59,479.2,266,213.2,44.49,Delivered,2025-12-21,Mobile App
OI001598,O00981,P027,1,399,0,399.0,Body Wash with Salicylic Acid,Body Care,Oily / Acne-Prone,399,159,240,60.15,399.0,159,240.0,60.15,Delivered,2024-06-07,Mobile App
OI001599,O00982,P003,1,699,25,524.25,Vitamin C 10% Face Serum,Serum,All Skin Types,699,315,384,54.94,524.25,315,209.25,39.91,Delivered,2025-07-18,Marketplace
OI001600,O00982,P026,1,449,15,381.65,Body Lotion with Niacinamide,Body Care,All Skin Types,449,182,267,59.47,381.65,182,199.64999999999998,52.31,Delivered,2025-07-18,Marketplace
OI001601,O00982,P002,2,599,20,958.4,10% Niacinamide Face Serum,Serum,Oily / Combination,599,265,334,55.76,958.4,530,428.4,44.7,Delivered,2025-07-18,Marketplace
OI001602,O00982,P002,1,599,0,599.0,10% Niacinamide Face Serum,Serum,Oily / Combination,599,265,334,55.76,599.0,265,334.0,55.76,Delivered,2025-07-18,Marketplace
OI001603,O00983,P003,3,699,5,1992.15,Vitamin C 10% Face Serum,Serum,All Skin Types,699,315,384,54.94,1992.15,945,1047.15,52.56,Delivered,2025-09-08,Mobile App
OI001604,O00983,P015,1,449,0,449.0,Aqualogica Lightweight Sunscreen,Sunscreen,Oily / Combination,449,192,257,57.24,449.0,192,257.0,57.24,Delivered,2025-09-08,Mobile App
OI001605,O00984,P002,1,599,0,599.0,10% Niacinamide Face Serum,Serum,Oily / Combination,599,265,334,55.76,599.0,265,334.0,55.76,Delivered,2024-04-15,Mobile App
OI001606,O00985,P003,1,699,0,699.0,Vitamin C 10% Face Serum,Serum,All Skin Types,699,315,384,54.94,699.0,315,384.0,54.94,Delivered,2025-03-26,Website
OI001607,O00986,P014,2,499,0,998.0,SPF 60 PA++++ Sunscreen,Sunscreen,All Skin Types,499,211,288,57.72,998.0,422,576.0,57.72,Delivered,2025-11-30,Website
OI001609,O00988,P024,3,799,5,2277.15,Hair Growth Actives Serum,Hair Care,Scalp Care,799,372,427,53.44,2277.15,1116,1161.15,50.99,Delivered,2024-07-26,Website
OI001610,O00989,P020,1,349,25,261.75,Rose Water Hydrating Toner,Toner,All Skin Types,349,139,210,60.17,261.75,139,122.75,46.9,Delivered,2025-08-16,Mobile App
OI001611,O00989,P007,1,699,0,699.0,AHA BHA 10% Exfoliating Serum,Serum,Oily / Combination,699,322,377,53.93,699.0,322,377.0,53.93,Delivered,2025-08-16,Mobile App
OI001612,O00990,P004,2,649,5,1233.1,Alpha Arbutin 2% Serum,Serum,All Skin Types,649,292,357,55.01,1233.1,584,649.0999999999999,52.64,Delivered,2024-08-18,Mobile App
OI001613,O00991,P018,1,349,15,296.65,Glycolic Acid Face Cleanser,Cleanser,Normal / Oily,349,143,206,59.03,296.65,143,153.64999999999998,51.8,Delivered,2024-10-29,Mobile App
OI001614,O00991,P026,1,449,10,404.1,Body Lotion with Niacinamide,Body Care,All Skin Types,449,182,267,59.47,404.1,182,222.10000000000002,54.96,Delivered,2024-10-29,Mobile App
OI001615,O00991,P013,1,399,20,319.2,SPF 50 Sunscreen,Sunscreen,All Skin Types,399,168,231,57.89,319.2,168,151.2,47.37,Delivered,2024-10-29,Mobile App
OI001616,O00992,P006,1,599,15,509.15,Hyaluronic Acid 2% Serum,Serum,Dry / Dehydrated,599,258,341,56.93,509.15,258,251.14999999999998,49.33,Delivered,2025-08-31,Marketplace
OI001617,O00993,P027,1,399,25,299.25,Body Wash with Salicylic Acid,Body Care,Oily / Acne-Prone,399,159,240,60.15,299.25,159,140.25,46.87,Delivered,2024-09-26,Mobile App
OI001618,O00993,P007,2,699,10,1258.2,AHA BHA 10% Exfoliating Serum,Serum,Oily / Combination,699,322,377,53.93,1258.2,644,614.2,48.82,Delivered,2024-09-26,Mobile App
OI001619,O00994,P012,1,449,15,381.65,Marula Oil 5% Moisturizer,Moisturizer,Dry,449,197,252,56.12,381.65,197,184.64999999999998,48.38,Delivered,2024-02-05,Mobile App
OI001620,O00994,P010,1,399,10,359.1,Vitamin B5 Moisturizer,Moisturizer,All Skin Types,399,162,237,59.4,359.1,162,197.10000000000002,54.89,Delivered,2024-02-05,Mobile App
OI001621,O00995,P020,2,349,10,628.2,Rose Water Hydrating Toner,Toner,All Skin Types,349,139,210,60.17,628.2,278,350.20000000000005,55.75,Delivered,2025-11-22,Mobile App
OI001622,O00995,P006,2,599,5,1138.1,Hyaluronic Acid 2% Serum,Serum,Dry / Dehydrated,599,258,341,56.93,1138.1,516,622.0999999999999,54.66,Delivered,2025-11-22,Mobile App
OI001623,O00995,P019,1,399,5,379.05,PHA 3% Alcohol-Free Toner,Toner,Sensitive,399,166,233,58.4,379.05,166,213.05,56.21,Delivered,2025-11-22,Mobile App
OI001624,O00996,P005,1,699,0,699.0,Retinol 0.3% Face Serum,Serum,Normal / Dry,699,318,381,54.51,699.0,318,381.0,54.51,Delivered,2025-01-30,Marketplace
OI001625,O00997,P020,1,349,5,331.55,Rose Water Hydrating Toner,Toner,All Skin Types,349,139,210,60.17,331.55,139,192.55,58.08,Delivered,2024-11-09,Website
OI001626,O00998,P026,1,449,25,336.75,Body Lotion with Niacinamide,Body Care,All Skin Types,449,182,267,59.47,336.75,182,154.75,45.95,Delivered,2024-09-02,Website
OI001627,O00999,P017,1,299,10,269.1,Oat Extract Gentle Cleanser,Cleanser,Sensitive / Dry,299,121,178,59.53,269.1,121,148.10000000000002,55.04,Delivered,2024-06-10,Website
OI001628,O01000,P004,2,649,0,1298.0,Alpha Arbutin 2% Serum,Serum,All Skin Types,649,292,357,55.01,1298.0,584,714.0,55.01,Delivered,2025-10-25,Website
OI001631,O01002,P005,1,699,5,664.05,Retinol 0.3% Face Serum,Serum,Normal / Dry,699,318,381,54.51,664.05,318,346.04999999999995,52.11,Delivered,2025-03-31,Mobile App
OI001632,O01003,P004,2,649,0,1298.0,Alpha Arbutin 2% Serum,Serum,All Skin Types,649,292,357,55.01,1298.0,584,714.0,55.01,Delivered,2024-11-10,Website
OI001642,O01009,P011,1,349,0,349.0,Sepicalm 3% Moisturizer,Moisturizer,Sensitive,349,148,201,57.59,349.0,148,201.0,57.59,Delivered,2025-10-07,Mobile App
OI001643,O01009,P008,1,799,25,599.25,Granactive Retinoid 2% Serum,Serum,Normal / Mature,799,358,441,55.19,599.25,358,241.25,40.26,Delivered,2025-10-07,Mobile App
OI001647,O01012,P013,1,399,10,359.1,SPF 50 Sunscreen,Sunscreen,All Skin Types,399,168,231,57.89,359.1,168,191.10000000000002,53.22,Delivered,2025-10-12,Website
OI001648,O01012,P006,1,599,5,569.05,Hyaluronic Acid 2% Serum,Serum,Dry / Dehydrated,599,258,341,56.93,569.05,258,311.04999999999995,54.66,Delivered,2025-10-12,Website
OI001649,O01013,P020,1,349,5,331.55,Rose Water Hydrating Toner,Toner,All Skin Types,349,139,210,60.17,331.55,139,192.55,58.08,Delivered,2025-10-16,Website
OI001650,O01014,P009,1,349,0,349.0,Ceramide Moisturizer,Moisturizer,Dry / Sensitive,349,145,204,58.45,349.0,145,204.0,58.45,Delivered,2024-11-09,Marketplace
OI001651,O01014,P010,1,399,20,319.2,Vitamin B5 Moisturizer,Moisturizer,All Skin Types,399,162,237,59.4,319.2,162,157.2,49.25,Delivered,2024-11-09,Marketplace
OI001652,O01015,P021,2,399,0,798.0,Caffeine Under Eye Cream,Eye Care,All Skin Types,399,157,242,60.65,798.0,314,484.0,60.65,Delivered,2024-08-04,Mobile App
OI001653,O01016,P026,1,449,15,381.65,Body Lotion with Niacinamide,Body Care,All Skin Types,449,182,267,59.47,381.65,182,199.64999999999998,52.31,Delivered,2025-10-22,Website
OI001654,O01017,P002,1,599,20,479.2,10% Niacinamide Face Serum,Serum,Oily / Combination,599,265,334,55.76,479.2,265,214.2,44.7,Delivered,2025-06-28,Marketplace
OI001655,O01018,P027,1,399,10,359.1,Body Wash with Salicylic Acid,Body Care,Oily / Acne-Prone,399,159,240,60.15,359.1,159,200.10000000000002,55.72,Delivered,2025-10-21,Marketplace
OI001656,O01018,P013,1,399,15,339.15,SPF 50 Sunscreen,Sunscreen,All Skin Types,399,168,231,57.89,339.15,168,171.14999999999998,50.46,Delivered,2025-10-21,Marketplace
OI001657,O01019,P007,1,699,10,629.1,AHA BHA 10% Exfoliating Serum,Serum,Oily / Combination,699,322,377,53.93,629.1,322,307.1,48.82,Delivered,2025-12-16,Mobile App
OI001658,O01020,P012,3,449,10,1212.3,Marula Oil 5% Moisturizer,Moisturizer,Dry,449,197,252,56.12,1212.3,591,621.3,51.25,Delivered,2024-08-12,Mobile App
OI001659,O01020,P009,1,349,20,279.2,Ceramide Moisturizer,Moisturizer,Dry / Sensitive,349,145,204,58.45,279.2,145,134.2,48.07,Delivered,2024-08-12,Mobile App
OI001660,O01021,P010,1,399,10,359.1,Vitamin B5 Moisturizer,Moisturizer,All Skin Types,399,162,237,59.4,359.1,162,197.10000000000002,54.89,Delivered,2024-05-23,Website
OI001661,O01021,P010,2,399,20,638.4,Vitamin B5 Moisturizer,Moisturizer,All Skin Types,399,162,237,59.4,638.4,324,314.4,49.25,Delivered,2024-05-23,Website
OI001667,O01024,P023,1,499,10,449.1,Anti-Dandruff Shampoo,Hair Care,Scalp Care,499,221,278,55.71,449.1,221,228.10000000000002,50.79,Delivered,2024-10-29,Website
OI001668,O01024,P015,1,449,5,426.55,Aqualogica Lightweight Sunscreen,Sunscreen,Oily / Combination,449,192,257,57.24,426.55,192,234.55,54.99,Delivered,2024-10-29,Website
OI001669,O01024,P025,2,599,5,1138.1,Bond Repair Shampoo,Hair Care,Hair Care,599,266,333,55.59,1138.1,532,606.0999999999999,53.26,Delivered,2024-10-29,Website
OI001670,O01024,P015,1,449,5,426.55,Aqualogica Lightweight Sunscreen,Sunscreen,Oily / Combination,449,192,257,57.24,426.55,192,234.55,54.99,Delivered,2024-10-29,Website
OI001671,O01025,P014,1,499,15,424.15,SPF 60 PA++++ Sunscreen,Sunscreen,All Skin Types,499,211,288,57.72,424.15,211,213.14999999999998,50.25,Delivered,2024-09-20,Website
OI001672,O01025,P006,2,599,5,1138.1,Hyaluronic Acid 2% Serum,Serum,Dry / Dehydrated,599,258,341,56.93,1138.1,516,622.0999999999999,54.66,Delivered,2024-09-20,Website
OI001674,O01027,P024,2,799,0,1598.0,Hair Growth Actives Serum,Hair Care,Scalp Care,799,372,427,53.44,1598.0,744,854.0,53.44,Delivered,2025-05-03,Mobile App
OI001675,O01027,P014,1,499,25,374.25,SPF 60 PA++++ Sunscreen,Sunscreen,All Skin Types,499,211,288,57.72,374.25,211,163.25,43.62,Delivered,2025-05-03,Mobile App
OI001677,O01029,P006,1,599,5,569.05,Hyaluronic Acid 2% Serum,Serum,Dry / Dehydrated,599,258,341,56.93,569.05,258,311.04999999999995,54.66,Delivered,2025-02-26,Mobile App
OI001680,O01031,P026,1,449,5,426.55,Body Lotion with Niacinamide,Body Care,All Skin Types,449,182,267,59.47,426.55,182,244.55,57.33,Delivered,2024-01-03,Marketplace
OI001681,O01031,P006,1,599,5,569.05,Hyaluronic Acid 2% Serum,Serum,Dry / Dehydrated,599,258,341,56.93,569.05,258,311.04999999999995,54.66,Delivered,2024-01-03,Marketplace
OI001682,O01032,P016,1,299,20,239.2,Salicylic Acid Face Cleanser,Cleanser,Oily / Acne-Prone,299,117,182,60.87,239.2,117,122.19999999999999,51.09,Delivered,2024-02-19,Mobile App
OI001683,O01033,P016,2,299,10,538.2,Salicylic Acid Face Cleanser,Cleanser,Oily / Acne-Prone,299,117,182,60.87,538.2,234,304.20000000000005,56.52,Delivered,2024-01-20,Website
OI001684,O01033,P016,1,299,10,269.1,Salicylic Acid Face Cleanser,Cleanser,Oily / Acne-Prone,299,117,182,60.87,269.1,117,152.10000000000002,56.52,Delivered,2024-01-20,Website
OI001685,O01034,P002,1,599,10,539.1,10% Niacinamide Face Serum,Serum,Oily / Combination,599,265,334,55.76,539.1,265,274.1,50.84,Delivered,2025-12-28,Website
OI001686,O01034,P024,3,799,5,2277.15,Hair Growth Actives Serum,Hair Care,Scalp Care,799,372,427,53.44,2277.15,1116,1161.15,50.99,Delivered,2025-12-28,Website
OI001689,O01036,P005,3,699,10,1887.3,Retinol 0.3% Face Serum,Serum,Normal / Dry,699,318,381,54.51,1887.3,954,933.3,49.45,Delivered,2024-12-12,Mobile App
OI001690,O01036,P003,1,699,0,699.0,Vitamin C 10% Face Serum,Serum,All Skin Types,699,315,384,54.94,699.0,315,384.0,54.94,Delivered,2024-12-12,Mobile App
OI001691,O01037,P016,1,299,20,239.2,Salicylic Acid Face Cleanser,Cleanser,Oily / Acne-Prone,299,117,182,60.87,239.2,117,122.19999999999999,51.09,Delivered,2024-01-23,Website
OI001692,O01037,P010,1,399,20,319.2,Vitamin B5 Moisturizer,Moisturizer,All Skin Types,399,162,237,59.4,319.2,162,157.2,49.25,Delivered,2024-01-23,Website
OI001693,O01038,P002,2,599,20,958.4,10% Niacinamide Face Serum,Serum,Oily / Combination,599,265,334,55.76,958.4,530,428.4,44.7,Delivered,2024-11-18,Mobile App
OI001694,O01039,P013,1,399,20,319.2,SPF 50 Sunscreen,Sunscreen,All Skin Types,399,168,231,57.89,319.2,168,151.2,47.37,Delivered,2024-08-13,Mobile App
OI001696,O01041,P011,1,349,15,296.65,Sepicalm 3% Moisturizer,Moisturizer,Sensitive,349,148,201,57.59,296.65,148,148.64999999999998,50.11,Delivered,2024-09-22,Marketplace
OI001697,O01041,P015,1,449,10,404.1,Aqualogica Lightweight Sunscreen,Sunscreen,Oily / Combination,449,192,257,57.24,404.1,192,212.10000000000002,52.49,Delivered,2024-09-22,Marketplace
OI001698,O01042,P016,1,299,5,284.05,Salicylic Acid Face Cleanser,Cleanser,Oily / Acne-Prone,299,117,182,60.87,284.05,117,167.05,58.81,Delivered,2024-11-15,Marketplace
OI001699,O01043,P018,1,349,0,349.0,Glycolic Acid Face Cleanser,Cleanser,Normal / Oily,349,143,206,59.03,349.0,143,206.0,59.03,Delivered,2025-12-05,Mobile App
OI001700,O01043,P004,1,649,20,519.2,Alpha Arbutin 2% Serum,Serum,All Skin Types,649,292,357,55.01,519.2,292,227.20000000000005,43.76,Delivered,2025-12-05,Mobile App
OI001701,O01043,P006,2,599,0,1198.0,Hyaluronic Acid 2% Serum,Serum,Dry / Dehydrated,599,258,341,56.93,1198.0,516,682.0,56.93,Delivered,2025-12-05,Mobile App
OI001702,O01044,P010,1,399,10,359.1,Vitamin B5 Moisturizer,Moisturizer,All Skin Types,399,162,237,59.4,359.1,162,197.10000000000002,54.89,Delivered,2025-06-27,Website
OI001703,O01044,P025,2,599,20,958.4,Bond Repair Shampoo,Hair Care,Hair Care,599,266,333,55.59,958.4,532,426.4,44.49,Delivered,2025-06-27,Website
OI001704,O01045,P006,1,599,15,509.15,Hyaluronic Acid 2% Serum,Serum,Dry / Dehydrated,599,258,341,56.93,509.15,258,251.14999999999998,49.33,Delivered,2025-10-06,Mobile App
OI001705,O01045,P009,2,349,0,698.0,Ceramide Moisturizer,Moisturizer,Dry / Sensitive,349,145,204,58.45,698.0,290,408.0,58.45,Delivered,2025-10-06,Mobile App
OI001706,O01046,P003,1,699,15,594.15,Vitamin C 10% Face Serum,Serum,All Skin Types,699,315,384,54.94,594.15,315,279.15,46.98,Delivered,2024-08-13,Mobile App
OI001707,O01047,P021,1,399,5,379.05,Caffeine Under Eye Cream,Eye Care,All Skin Types,399,157,242,60.65,379.05,157,222.05,58.58,Delivered,2025-01-26,Mobile App
OI001708,O01047,P005,2,699,15,1188.3,Retinol 0.3% Face Serum,Serum,Normal / Dry,699,318,381,54.51,1188.3,636,552.3,46.48,Delivered,2025-01-26,Mobile App
OI001711,O01049,P008,1,799,20,639.2,Granactive Retinoid 2% Serum,Serum,Normal / Mature,799,358,441,55.19,639.2,358,281.20000000000005,43.99,Delivered,2024-07-05,Marketplace
OI001712,O01049,P006,1,599,15,509.15,Hyaluronic Acid 2% Serum,Serum,Dry / Dehydrated,599,258,341,56.93,509.15,258,251.14999999999998,49.33,Delivered,2024-07-05,Marketplace
OI001713,O01050,P014,1,499,5,474.05,SPF 60 PA++++ Sunscreen,Sunscreen,All Skin Types,499,211,288,57.72,474.05,211,263.05,55.49,Delivered,2025-02-12,Website
OI001714,O01050,P026,1,449,20,359.2,Body Lotion with Niacinamide,Body Care,All Skin Types,449,182,267,59.47,359.2,182,177.2,49.33,Delivered,2025-02-12,Website
OI001715,O01051,P011,1,349,0,349.0,Sepicalm 3% Moisturizer,Moisturizer,Sensitive,349,148,201,57.59,349.0,148,201.0,57.59,Delivered,2024-11-10,Website
OI001716,O01052,P015,1,449,5,426.55,Aqualogica Lightweight Sunscreen,Sunscreen,Oily / Combination,449,192,257,57.24,426.55,192,234.55,54.99,Delivered,2025-11-11,Website
OI001717,O01052,P001,1,549,15,466.65,2% Salicylic Acid Face Serum,Serum,Oily / Acne-Prone,549,247,302,55.01,466.65,247,219.64999999999998,47.07,Delivered,2025-11-11,Website
OI001719,O01054,P017,1,299,10,269.1,Oat Extract Gentle Cleanser,Cleanser,Sensitive / Dry,299,121,178,59.53,269.1,121,148.10000000000002,55.04,Delivered,2024-06-26,Mobile App
OI001720,O01054,P013,3,399,5,1137.15,SPF 50 Sunscreen,Sunscreen,All Skin Types,399,168,231,57.89,1137.15,504,633.1500000000001,55.68,Delivered,2024-06-26,Mobile App
OI001721,O01054,P024,1,799,15,679.15,Hair Growth Actives Serum,Hair Care,Scalp Care,799,372,427,53.44,679.15,372,307.15,45.23,Delivered,2024-06-26,Mobile App
OI001723,O01056,P009,2,349,5,663.1,Ceramide Moisturizer,Moisturizer,Dry / Sensitive,349,145,204,58.45,663.1,290,373.1,56.27,Delivered,2025-10-15,Website
OI001724,O01056,P010,1,399,15,339.15,Vitamin B5 Moisturizer,Moisturizer,All Skin Types,399,162,237,59.4,339.15,162,177.14999999999998,52.23,Delivered,2025-10-15,Website
OI001725,O01057,P004,1,649,15,551.65,Alpha Arbutin 2% Serum,Serum,All Skin Types,649,292,357,55.01,551.65,292,259.65,47.07,Delivered,2024-10-30,Marketplace
OI001726,O01057,P005,1,699,0,699.0,Retinol 0.3% Face Serum,Serum,Normal / Dry,699,318,381,54.51,699.0,318,381.0,54.51,Delivered,2024-10-30,Marketplace
OI001727,O01058,P023,1,499,15,424.15,Anti-Dandruff Shampoo,Hair Care,Scalp Care,499,221,278,55.71,424.15,221,203.14999999999998,47.9,Delivered,2025-06-07,Mobile App
OI001728,O01059,P018,1,349,5,331.55,Glycolic Acid Face Cleanser,Cleanser,Normal / Oily,349,143,206,59.03,331.55,143,188.55,56.87,Delivered,2024-10-11,Website
OI001729,O01060,P024,1,799,10,719.1,Hair Growth Actives Serum,Hair Care,Scalp Care,799,372,427,53.44,719.1,372,347.1,48.27,Delivered,2024-12-22,Website
OI001730,O01061,P016,1,299,0,299.0,Salicylic Acid Face Cleanser,Cleanser,Oily / Acne-Prone,299,117,182,60.87,299.0,117,182.0,60.87,Delivered,2024-11-13,Mobile App
OI001731,O01061,P013,1,399,15,339.15,SPF 50 Sunscreen,Sunscreen,All Skin Types,399,168,231,57.89,339.15,168,171.14999999999998,50.46,Delivered,2024-11-13,Mobile App
OI001732,O01062,P012,2,449,5,853.1,Marula Oil 5% Moisturizer,Moisturizer,Dry,449,197,252,56.12,853.1,394,459.1,53.82,Delivered,2024-09-06,Mobile App
OI001733,O01062,P025,2,599,5,1138.1,Bond Repair Shampoo,Hair Care,Hair Care,599,266,333,55.59,1138.1,532,606.0999999999999,53.26,Delivered,2024-09-06,Mobile App
OI001734,O01062,P016,1,299,10,269.1,Salicylic Acid Face Cleanser,Cleanser,Oily / Acne-Prone,299,117,182,60.87,269.1,117,152.10000000000002,56.52,Delivered,2024-09-06,Mobile App
OI001735,O01063,P006,1,599,25,449.25,Hyaluronic Acid 2% Serum,Serum,Dry / Dehydrated,599,258,341,56.93,449.25,258,191.25,42.57,Delivered,2025-07-09,Website
OI001736,O01064,P005,1,699,10,629.1,Retinol 0.3% Face Serum,Serum,Normal / Dry,699,318,381,54.51,629.1,318,311.1,49.45,Delivered,2024-08-19,Mobile App
OI001737,O01064,P025,2,599,10,1078.2,Bond Repair Shampoo,Hair Care,Hair Care,599,266,333,55.59,1078.2,532,546.2,50.66,Delivered,2024-08-19,Mobile App
OI001738,O01065,P009,1,349,20,279.2,Ceramide Moisturizer,Moisturizer,Dry / Sensitive,349,145,204,58.45,279.2,145,134.2,48.07,Delivered,2025-01-28,Website
OI001739,O01065,P014,1,499,0,499.0,SPF 60 PA++++ Sunscreen,Sunscreen,All Skin Types,499,211,288,57.72,499.0,211,288.0,57.72,Delivered,2025-01-28,Website
OI001740,O01066,P014,1,499,10,449.1,SPF 60 PA++++ Sunscreen,Sunscreen,All Skin Types,499,211,288,57.72,449.1,211,238.10000000000002,53.02,Delivered,2025-03-31,Mobile App
OI001741,O01067,P019,1,399,5,379.05,PHA 3% Alcohol-Free Toner,Toner,Sensitive,399,166,233,58.4,379.05,166,213.05,56.21,Delivered,2024-06-03,Mobile App
OI001742,O01068,P019,2,399,10,718.2,PHA 3% Alcohol-Free Toner,Toner,Sensitive,399,166,233,58.4,718.2,332,386.20000000000005,53.77,Delivered,2024-06-15,Website
OI001743,O01068,P018,1,349,10,314.1,Glycolic Acid Face Cleanser,Cleanser,Normal / Oily,349,143,206,59.03,314.1,143,171.10000000000002,54.47,Delivered,2024-06-15,Website
OI001744,O01069,P011,1,349,10,314.1,Sepicalm 3% Moisturizer,Moisturizer,Sensitive,349,148,201,57.59,314.1,148,166.10000000000002,52.88,Delivered,2025-03-24,Website
OI001745,O01069,P016,1,299,20,239.2,Salicylic Acid Face Cleanser,Cleanser,Oily / Acne-Prone,299,117,182,60.87,239.2,117,122.19999999999999,51.09,Delivered,2025-03-24,Website
OI001746,O01070,P009,1,349,15,296.65,Ceramide Moisturizer,Moisturizer,Dry / Sensitive,349,145,204,58.45,296.65,145,151.64999999999998,51.12,Delivered,2025-01-24,Marketplace
OI001747,O01071,P022,3,499,0,1497.0,Multi-Peptide Eye Cream,Eye Care,Mature / Dry,499,218,281,56.31,1497.0,654,843.0,56.31,Delivered,2025-10-23,Website
OI001748,O01072,P005,1,699,10,629.1,Retinol 0.3% Face Serum,Serum,Normal / Dry,699,318,381,54.51,629.1,318,311.1,49.45,Delivered,2025-08-12,Website
OI001749,O01073,P011,1,349,0,349.0,Sepicalm 3% Moisturizer,Moisturizer,Sensitive,349,148,201,57.59,349.0,148,201.0,57.59,Delivered,2024-12-03,Website
OI001750,O01073,P022,1,499,25,374.25,Multi-Peptide Eye Cream,Eye Care,Mature / Dry,499,218,281,56.31,374.25,218,156.25,41.75,Delivered,2024-12-03,Website
OI001751,O01074,P014,2,499,10,898.2,SPF 60 PA++++ Sunscreen,Sunscreen,All Skin Types,499,211,288,57.72,898.2,422,476.20000000000005,53.02,Delivered,2024-01-01,Mobile App
OI001752,O01075,P028,1,249,10,224.1,Lip Balm SPF 30,Lip Care,All Skin Types,249,92,157,63.05,224.1,92,132.1,58.95,Delivered,2024-09-24,Website
OI001753,O01075,P010,1,399,15,339.15,Vitamin B5 Moisturizer,Moisturizer,All Skin Types,399,162,237,59.4,339.15,162,177.14999999999998,52.23,Delivered,2024-09-24,Website
OI001754,O01076,P009,1,349,0,349.0,Ceramide Moisturizer,Moisturizer,Dry / Sensitive,349,145,204,58.45,349.0,145,204.0,58.45,Delivered,2025-02-28,Mobile App
OI001755,O01077,P010,2,399,5,758.1,Vitamin B5 Moisturizer,Moisturizer,All Skin Types,399,162,237,59.4,758.1,324,434.1,57.26,Delivered,2024-02-14,Website
OI001756,O01077,P025,2,599,0,1198.0,Bond Repair Shampoo,Hair Care,Hair Care,599,266,333,55.59,1198.0,532,666.0,55.59,Delivered,2024-02-14,Website
OI001757,O01077,P004,1,649,5,616.55,Alpha Arbutin 2% Serum,Serum,All Skin Types,649,292,357,55.01,616.55,292,324.54999999999995,52.64,Delivered,2024-02-14,Website
OI001758,O01078,P001,1,549,20,439.2,2% Salicylic Acid Face Serum,Serum,Oily / Acne-Prone,549,247,302,55.01,439.2,247,192.2,43.76,Delivered,2024-11-18,Mobile App
OI001759,O01079,P010,1,399,15,339.15,Vitamin B5 Moisturizer,Moisturizer,All Skin Types,399,162,237,59.4,339.15,162,177.14999999999998,52.23,Delivered,2025-02-02,Website
OI001760,O01080,P002,1,599,20,479.2,10% Niacinamide Face Serum,Serum,Oily / Combination,599,265,334,55.76,479.2,265,214.2,44.7,Delivered,2024-12-07,Mobile App
OI001761,O01080,P018,2,349,0,698.0,Glycolic Acid Face Cleanser,Cleanser,Normal / Oily,349,143,206,59.03,698.0,286,412.0,59.03,Delivered,2024-12-07,Mobile App
OI001762,O01080,P009,1,349,10,314.1,Ceramide Moisturizer,Moisturizer,Dry / Sensitive,349,145,204,58.45,314.1,145,169.10000000000002,53.84,Delivered,2024-12-07,Mobile App
OI001763,O01081,P015,1,449,5,426.55,Aqualogica Lightweight Sunscreen,Sunscreen,Oily / Combination,449,192,257,57.24,426.55,192,234.55,54.99,Delivered,2025-04-19,Mobile App
OI001764,O01081,P013,1,399,0,399.0,SPF 50 Sunscreen,Sunscreen,All Skin Types,399,168,231,57.89,399.0,168,231.0,57.89,Delivered,2025-04-19,Mobile App
OI001765,O01082,P025,1,599,10,539.1,Bond Repair Shampoo,Hair Care,Hair Care,599,266,333,55.59,539.1,266,273.1,50.66,Delivered,2025-08-15,Website
OI001766,O01083,P012,1,449,15,381.65,Marula Oil 5% Moisturizer,Moisturizer,Dry,449,197,252,56.12,381.65,197,184.64999999999998,48.38,Delivered,2024-08-23,Website
OI001767,O01084,P023,1,499,0,499.0,Anti-Dandruff Shampoo,Hair Care,Scalp Care,499,221,278,55.71,499.0,221,278.0,55.71,Delivered,2024-12-30,Website
OI001768,O01085,P015,2,449,25,673.5,Aqualogica Lightweight Sunscreen,Sunscreen,Oily / Combination,449,192,257,57.24,673.5,384,289.5,42.98,Delivered,2024-10-28,Mobile App
OI001769,O01086,P013,1,399,5,379.05,SPF 50 Sunscreen,Sunscreen,All Skin Types,399,168,231,57.89,379.05,168,211.05,55.68,Delivered,2025-07-01,Website
OI001770,O01087,P011,1,349,0,349.0,Sepicalm 3% Moisturizer,Moisturizer,Sensitive,349,148,201,57.59,349.0,148,201.0,57.59,Delivered,2025-12-09,Marketplace
OI001771,O01087,P021,1,399,0,399.0,Caffeine Under Eye Cream,Eye Care,All Skin Types,399,157,242,60.65,399.0,157,242.0,60.65,Delivered,2025-12-09,Marketplace
OI001772,O01088,P004,2,649,10,1168.2,Alpha Arbutin 2% Serum,Serum,All Skin Types,649,292,357,55.01,1168.2,584,584.2,50.01,Delivered,2024-10-12,Website
OI001777,O01090,P018,2,349,10,628.2,Glycolic Acid Face Cleanser,Cleanser,Normal / Oily,349,143,206,59.03,628.2,286,342.20000000000005,54.47,Delivered,2025-10-28,Mobile App
OI001778,O01091,P018,1,349,10,314.1,Glycolic Acid Face Cleanser,Cleanser,Normal / Oily,349,143,206,59.03,314.1,143,171.10000000000002,54.47,Delivered,2025-05-17,Website
OI001779,O01091,P022,1,499,15,424.15,Multi-Peptide Eye Cream,Eye Care,Mature / Dry,499,218,281,56.31,424.15,218,206.14999999999998,48.6,Delivered,2025-05-17,Website
OI001780,O01091,P002,1,599,20,479.2,10% Niacinamide Face Serum,Serum,Oily / Combination,599,265,334,55.76,479.2,265,214.2,44.7,Delivered,2025-05-17,Website
OI001781,O01092,P002,1,599,5,569.05,10% Niacinamide Face Serum,Serum,Oily / Combination,599,265,334,55.76,569.05,265,304.04999999999995,53.43,Delivered,2024-05-20,Marketplace
OI001782,O01093,P024,1,799,5,759.05,Hair Growth Actives Serum,Hair Care,Scalp Care,799,372,427,53.44,759.05,372,387.04999999999995,50.99,Delivered,2024-12-02,Website
OI001783,O01094,P014,2,499,0,998.0,SPF 60 PA++++ Sunscreen,Sunscreen,All Skin Types,499,211,288,57.72,998.0,422,576.0,57.72,Delivered,2025-05-29,Mobile App
OI001784,O01094,P028,2,249,5,473.1,Lip Balm SPF 30,Lip Care,All Skin Types,249,92,157,63.05,473.1,184,289.1,61.11,Delivered,2025-05-29,Mobile App
OI001787,O01096,P008,1,799,15,679.15,Granactive Retinoid 2% Serum,Serum,Normal / Mature,799,358,441,55.19,679.15,358,321.15,47.29,Delivered,2025-03-09,Website
OI001788,O01096,P012,1,449,15,381.65,Marula Oil 5% Moisturizer,Moisturizer,Dry,449,197,252,56.12,381.65,197,184.64999999999998,48.38,Delivered,2025-03-09,Website
OI001789,O01097,P014,1,499,25,374.25,SPF 60 PA++++ Sunscreen,Sunscreen,All Skin Types,499,211,288,57.72,374.25,211,163.25,43.62,Delivered,2024-05-09,Website
OI001790,O01098,P013,2,399,15,678.3,SPF 50 Sunscreen,Sunscreen,All Skin Types,399,168,231,57.89,678.3,336,342.29999999999995,50.46,Delivered,2024-11-10,Website
OI001791,O01099,P020,1,349,5,331.55,Rose Water Hydrating Toner,Toner,All Skin Types,349,139,210,60.17,331.55,139,192.55,58.08,Delivered,2024-08-05,Website
OI001792,O01099,P012,2,449,0,898.0,Marula Oil 5% Moisturizer,Moisturizer,Dry,449,197,252,56.12,898.0,394,504.0,56.12,Delivered,2024-08-05,Website
OI001793,O01100,P015,3,449,25,1010.25,Aqualogica Lightweight Sunscreen,Sunscreen,Oily / Combination,449,192,257,57.24,1010.25,576,434.25,42.98,Delivered,2025-02-14,Mobile App
OI001794,O01100,P013,2,399,5,758.1,SPF 50 Sunscreen,Sunscreen,All Skin Types,399,168,231,57.89,758.1,336,422.1,55.68,Delivered,2025-02-14,Mobile App
OI001795,O01101,P012,1,449,5,426.55,Marula Oil 5% Moisturizer,Moisturizer,Dry,449,197,252,56.12,426.55,197,229.55,53.82,Delivered,2025-11-12,Mobile App
OI001796,O01102,P014,3,499,10,1347.3,SPF 60 PA++++ Sunscreen,Sunscreen,All Skin Types,499,211,288,57.72,1347.3,633,714.3,53.02,Delivered,2025-08-13,Website
OI001797,O01103,P025,1,599,15,509.15,Bond Repair Shampoo,Hair Care,Hair Care,599,266,333,55.59,509.15,266,243.14999999999998,47.76,Delivered,2025-01-21,Mobile App
OI001798,O01104,P028,1,249,0,249.0,Lip Balm SPF 30,Lip Care,All Skin Types,249,92,157,63.05,249.0,92,157.0,63.05,Delivered,2025-01-17,Website
OI001799,O01105,P026,1,449,0,449.0,Body Lotion with Niacinamide,Body Care,All Skin Types,449,182,267,59.47,449.0,182,267.0,59.47,Delivered,2024-10-04,Mobile App
OI001800,O01105,P014,1,499,5,474.05,SPF 60 PA++++ Sunscreen,Sunscreen,All Skin Types,499,211,288,57.72,474.05,211,263.05,55.49,Delivered,2024-10-04,Mobile App
OI001801,O01106,P018,1,349,10,314.1,Glycolic Acid Face Cleanser,Cleanser,Normal / Oily,349,143,206,59.03,314.1,143,171.10000000000002,54.47,Delivered,2025-09-13,Website
OI001807,O01109,P006,1,599,15,509.15,Hyaluronic Acid 2% Serum,Serum,Dry / Dehydrated,599,258,341,56.93,509.15,258,251.14999999999998,49.33,Delivered,2024-07-29,Marketplace
OI001810,O01111,P018,1,349,0,349.0,Glycolic Acid Face Cleanser,Cleanser,Normal / Oily,349,143,206,59.03,349.0,143,206.0,59.03,Delivered,2024-03-28,Website
OI001811,O01112,P002,1,599,15,509.15,10% Niacinamide Face Serum,Serum,Oily / Combination,599,265,334,55.76,509.15,265,244.14999999999998,47.95,Delivered,2024-10-24,Website
OI001812,O01113,P011,3,349,20,837.6,Sepicalm 3% Moisturizer,Moisturizer,Sensitive,349,148,201,57.59,837.6,444,393.6,46.99,Delivered,2024-05-27,Mobile App
OI001813,O01113,P018,1,349,5,331.55,Glycolic Acid Face Cleanser,Cleanser,Normal / Oily,349,143,206,59.03,331.55,143,188.55,56.87,Delivered,2024-05-27,Mobile App
OI001814,O01114,P015,1,449,5,426.55,Aqualogica Lightweight Sunscreen,Sunscreen,Oily / Combination,449,192,257,57.24,426.55,192,234.55,54.99,Delivered,2025-10-25,Website
OI001815,O01115,P026,1,449,0,449.0,Body Lotion with Niacinamide,Body Care,All Skin Types,449,182,267,59.47,449.0,182,267.0,59.47,Delivered,2024-02-21,Mobile App
OI001816,O01116,P001,1,549,10,494.1,2% Salicylic Acid Face Serum,Serum,Oily / Acne-Prone,549,247,302,55.01,494.1,247,247.10000000000002,50.01,Delivered,2025-02-28,Website
OI001817,O01117,P011,1,349,0,349.0,Sepicalm 3% Moisturizer,Moisturizer,Sensitive,349,148,201,57.59,349.0,148,201.0,57.59,Delivered,2025-01-24,Mobile App
OI001818,O01118,P021,1,399,20,319.2,Caffeine Under Eye Cream,Eye Care,All Skin Types,399,157,242,60.65,319.2,157,162.2,50.81,Delivered,2025-06-05,Website
OI001819,O01119,P011,1,349,25,261.75,Sepicalm 3% Moisturizer,Moisturizer,Sensitive,349,148,201,57.59,261.75,148,113.75,43.46,Delivered,2024-04-24,Mobile App
OI001820,O01119,P001,2,549,15,933.3,2% Salicylic Acid Face Serum,Serum,Oily / Acne-Prone,549,247,302,55.01,933.3,494,439.29999999999995,47.07,Delivered,2024-04-24,Mobile App
OI001821,O01119,P006,1,599,15,509.15,Hyaluronic Acid 2% Serum,Serum,Dry / Dehydrated,599,258,341,56.93,509.15,258,251.14999999999998,49.33,Delivered,2024-04-24,Mobile App
OI001822,O01119,P006,2,599,0,1198.0,Hyaluronic Acid 2% Serum,Serum,Dry / Dehydrated,599,258,341,56.93,1198.0,516,682.0,56.93,Delivered,2024-04-24,Mobile App
OI001823,O01120,P018,2,349,15,593.3,Glycolic Acid Face Cleanser,Cleanser,Normal / Oily,349,143,206,59.03,593.3,286,307.29999999999995,51.8,Delivered,2024-05-27,Mobile App
OI001824,O01121,P015,1,449,5,426.55,Aqualogica Lightweight Sunscreen,Sunscreen,Oily / Combination,449,192,257,57.24,426.55,192,234.55,54.99,Delivered,2025-04-30,Mobile App
OI001825,O01122,P008,1,799,0,799.0,Granactive Retinoid 2% Serum,Serum,Normal / Mature,799,358,441,55.19,799.0,358,441.0,55.19,Delivered,2025-10-17,Mobile App
OI001826,O01122,P009,1,349,5,331.55,Ceramide Moisturizer,Moisturizer,Dry / Sensitive,349,145,204,58.45,331.55,145,186.55,56.27,Delivered,2025-10-17,Mobile App
OI001829,O01124,P010,3,399,25,897.75,Vitamin B5 Moisturizer,Moisturizer,All Skin Types,399,162,237,59.4,897.75,486,411.75,45.86,Delivered,2024-01-10,Website
OI001830,O01124,P016,1,299,0,299.0,Salicylic Acid Face Cleanser,Cleanser,Oily / Acne-Prone,299,117,182,60.87,299.0,117,182.0,60.87,Delivered,2024-01-10,Website
OI001831,O01125,P026,2,449,5,853.1,Body Lotion with Niacinamide,Body Care,All Skin Types,449,182,267,59.47,853.1,364,489.1,57.33,Delivered,2024-03-28,Mobile App
OI001832,O01125,P019,1,399,15,339.15,PHA 3% Alcohol-Free Toner,Toner,Sensitive,399,166,233,58.4,339.15,166,173.14999999999998,51.05,Delivered,2024-03-28,Mobile App
OI001833,O01126,P005,3,699,5,1992.15,Retinol 0.3% Face Serum,Serum,Normal / Dry,699,318,381,54.51,1992.15,954,1038.15,52.11,Delivered,2024-10-02,Website
OI001834,O01127,P024,1,799,0,799.0,Hair Growth Actives Serum,Hair Care,Scalp Care,799,372,427,53.44,799.0,372,427.0,53.44,Delivered,2025-05-18,Website
OI001835,O01128,P015,1,449,15,381.65,Aqualogica Lightweight Sunscreen,Sunscreen,Oily / Combination,449,192,257,57.24,381.65,192,189.64999999999998,49.69,Delivered,2024-09-11,Website
OI001836,O01128,P001,1,549,0,549.0,2% Salicylic Acid Face Serum,Serum,Oily / Acne-Prone,549,247,302,55.01,549.0,247,302.0,55.01,Delivered,2024-09-11,Website
OI001837,O01129,P026,1,449,10,404.1,Body Lotion with Niacinamide,Body Care,All Skin Types,449,182,267,59.47,404.1,182,222.10000000000002,54.96,Delivered,2025-08-04,Website
OI001838,O01130,P002,2,599,5,1138.1,10% Niacinamide Face Serum,Serum,Oily / Combination,599,265,334,55.76,1138.1,530,608.0999999999999,53.43,Delivered,2024-08-18,Website
OI001839,O01130,P023,3,499,5,1422.15,Anti-Dandruff Shampoo,Hair Care,Scalp Care,499,221,278,55.71,1422.15,663,759.1500000000001,53.38,Delivered,2024-08-18,Website
OI001840,O01131,P012,1,449,10,404.1,Marula Oil 5% Moisturizer,Moisturizer,Dry,449,197,252,56.12,404.1,197,207.10000000000002,51.25,Delivered,2024-05-01,Website
OI001841,O01131,P002,1,599,5,569.05,10% Niacinamide Face Serum,Serum,Oily / Combination,599,265,334,55.76,569.05,265,304.04999999999995,53.43,Delivered,2024-05-01,Website
OI001842,O01131,P002,1,599,10,539.1,10% Niacinamide Face Serum,Serum,Oily / Combination,599,265,334,55.76,539.1,265,274.1,50.84,Delivered,2024-05-01,Website
OI001843,O01132,P008,2,799,10,1438.2,Granactive Retinoid 2% Serum,Serum,Normal / Mature,799,358,441,55.19,1438.2,716,722.2,50.22,Delivered,2024-11-08,Website
OI001844,O01133,P003,2,699,15,1188.3,Vitamin C 10% Face Serum,Serum,All Skin Types,699,315,384,54.94,1188.3,630,558.3,46.98,Delivered,2024-10-06,Website
OI001845,O01134,P025,1,599,0,599.0,Bond Repair Shampoo,Hair Care,Hair Care,599,266,333,55.59,599.0,266,333.0,55.59,Delivered,2024-04-03,Website
OI001846,O01135,P009,1,349,0,349.0,Ceramide Moisturizer,Moisturizer,Dry / Sensitive,349,145,204,58.45,349.0,145,204.0,58.45,Delivered,2024-03-12,Website
OI001847,O01135,P028,2,249,5,473.1,Lip Balm SPF 30,Lip Care,All Skin Types,249,92,157,63.05,473.1,184,289.1,61.11,Delivered,2024-03-12,Website
OI001848,O01136,P026,2,449,25,673.5,Body Lotion with Niacinamide,Body Care,All Skin Types,449,182,267,59.47,673.5,364,309.5,45.95,Delivered,2025-07-27,Website
OI001849,O01136,P015,1,449,0,449.0,Aqualogica Lightweight Sunscreen,Sunscreen,Oily / Combination,449,192,257,57.24,449.0,192,257.0,57.24,Delivered,2025-07-27,Website
OI001850,O01137,P003,1,699,0,699.0,Vitamin C 10% Face Serum,Serum,All Skin Types,699,315,384,54.94,699.0,315,384.0,54.94,Delivered,2025-08-12,Website
OI001851,O01138,P013,1,399,10,359.1,SPF 50 Sunscreen,Sunscreen,All Skin Types,399,168,231,57.89,359.1,168,191.10000000000002,53.22,Delivered,2025-10-04,Mobile App
OI001854,O01141,P009,2,349,15,593.3,Ceramide Moisturizer,Moisturizer,Dry / Sensitive,349,145,204,58.45,593.3,290,303.29999999999995,51.12,Delivered,2024-11-06,Website
OI001855,O01141,P028,1,249,5,236.55,Lip Balm SPF 30,Lip Care,All Skin Types,249,92,157,63.05,236.55,92,144.55,61.11,Delivered,2024-11-06,Website
OI001856,O01141,P012,1,449,5,426.55,Marula Oil 5% Moisturizer,Moisturizer,Dry,449,197,252,56.12,426.55,197,229.55,53.82,Delivered,2024-11-06,Website
OI001857,O01142,P020,1,349,0,349.0,Rose Water Hydrating Toner,Toner,All Skin Types,349,139,210,60.17,349.0,139,210.0,60.17,Delivered,2025-03-28,Website
OI001858,O01142,P007,1,699,0,699.0,AHA BHA 10% Exfoliating Serum,Serum,Oily / Combination,699,322,377,53.93,699.0,322,377.0,53.93,Delivered,2025-03-28,Website
OI001859,O01143,P008,1,799,5,759.05,Granactive Retinoid 2% Serum,Serum,Normal / Mature,799,358,441,55.19,759.05,358,401.04999999999995,52.84,Delivered,2025-06-06,Marketplace
OI001862,O01145,P011,1,349,10,314.1,Sepicalm 3% Moisturizer,Moisturizer,Sensitive,349,148,201,57.59,314.1,148,166.10000000000002,52.88,Delivered,2025-10-24,Mobile App
OI001863,O01146,P028,1,249,20,199.2,Lip Balm SPF 30,Lip Care,All Skin Types,249,92,157,63.05,199.2,92,107.19999999999999,53.82,Delivered,2024-07-02,Mobile App
OI001864,O01147,P018,1,349,0,349.0,Glycolic Acid Face Cleanser,Cleanser,Normal / Oily,349,143,206,59.03,349.0,143,206.0,59.03,Delivered,2024-06-13,Mobile App
OI001866,O01149,P006,2,599,5,1138.1,Hyaluronic Acid 2% Serum,Serum,Dry / Dehydrated,599,258,341,56.93,1138.1,516,622.0999999999999,54.66,Delivered,2025-07-17,Website
OI001867,O01150,P010,1,399,10,359.1,Vitamin B5 Moisturizer,Moisturizer,All Skin Types,399,162,237,59.4,359.1,162,197.10000000000002,54.89,Delivered,2025-10-22,Website
OI001868,O01150,P019,1,399,20,319.2,PHA 3% Alcohol-Free Toner,Toner,Sensitive,399,166,233,58.4,319.2,166,153.2,47.99,Delivered,2025-10-22,Website
OI001869,O01151,P011,1,349,0,349.0,Sepicalm 3% Moisturizer,Moisturizer,Sensitive,349,148,201,57.59,349.0,148,201.0,57.59,Delivered,2024-02-22,Website
OI001870,O01151,P012,2,449,5,853.1,Marula Oil 5% Moisturizer,Moisturizer,Dry,449,197,252,56.12,853.1,394,459.1,53.82,Delivered,2024-02-22,Website
OI001871,O01151,P024,1,799,0,799.0,Hair Growth Actives Serum,Hair Care,Scalp Care,799,372,427,53.44,799.0,372,427.0,53.44,Delivered,2024-02-22,Website
OI001872,O01151,P025,1,599,10,539.1,Bond Repair Shampoo,Hair Care,Hair Care,599,266,333,55.59,539.1,266,273.1,50.66,Delivered,2024-02-22,Website
OI001873,O01152,P017,2,299,0,598.0,Oat Extract Gentle Cleanser,Cleanser,Sensitive / Dry,299,121,178,59.53,598.0,242,356.0,59.53,Delivered,2025-03-30,Website
OI001874,O01152,P011,1,349,15,296.65,Sepicalm 3% Moisturizer,Moisturizer,Sensitive,349,148,201,57.59,296.65,148,148.64999999999998,50.11,Delivered,2025-03-30,Website
OI001875,O01153,P011,1,349,10,314.1,Sepicalm 3% Moisturizer,Moisturizer,Sensitive,349,148,201,57.59,314.1,148,166.10000000000002,52.88,Delivered,2024-11-01,Mobile App
OI001876,O01154,P017,1,299,20,239.2,Oat Extract Gentle Cleanser,Cleanser,Sensitive / Dry,299,121,178,59.53,239.2,121,118.19999999999999,49.41,Delivered,2024-04-18,Website
OI001877,O01154,P009,1,349,0,349.0,Ceramide Moisturizer,Moisturizer,Dry / Sensitive,349,145,204,58.45,349.0,145,204.0,58.45,Delivered,2024-04-18,Website
OI001878,O01155,P014,2,499,5,948.1,SPF 60 PA++++ Sunscreen,Sunscreen,All Skin Types,499,211,288,57.72,948.1,422,526.1,55.49,Delivered,2024-05-18,Marketplace
OI001879,O01156,P015,1,449,10,404.1,Aqualogica Lightweight Sunscreen,Sunscreen,Oily / Combination,449,192,257,57.24,404.1,192,212.10000000000002,52.49,Delivered,2025-11-13,Mobile App
OI001884,O01159,P021,1,399,5,379.05,Caffeine Under Eye Cream,Eye Care,All Skin Types,399,157,242,60.65,379.05,157,222.05,58.58,Delivered,2024-03-08,Mobile App
OI001885,O01159,P021,1,399,5,379.05,Caffeine Under Eye Cream,Eye Care,All Skin Types,399,157,242,60.65,379.05,157,222.05,58.58,Delivered,2024-03-08,Mobile App
OI001886,O01160,P024,1,799,5,759.05,Hair Growth Actives Serum,Hair Care,Scalp Care,799,372,427,53.44,759.05,372,387.04999999999995,50.99,Delivered,2025-07-17,Mobile App
OI001887,O01161,P021,2,399,20,638.4,Caffeine Under Eye Cream,Eye Care,All Skin Types,399,157,242,60.65,638.4,314,324.4,50.81,Delivered,2024-10-09,Website
OI001889,O01163,P010,1,399,5,379.05,Vitamin B5 Moisturizer,Moisturizer,All Skin Types,399,162,237,59.4,379.05,162,217.05,57.26,Delivered,2024-10-29,Marketplace
OI001890,O01163,P011,1,349,0,349.0,Sepicalm 3% Moisturizer,Moisturizer,Sensitive,349,148,201,57.59,349.0,148,201.0,57.59,Delivered,2024-10-29,Marketplace
OI001891,O01164,P018,1,349,5,331.55,Glycolic Acid Face Cleanser,Cleanser,Normal / Oily,349,143,206,59.03,331.55,143,188.55,56.87,Delivered,2024-05-05,Website
OI001892,O01164,P011,1,349,0,349.0,Sepicalm 3% Moisturizer,Moisturizer,Sensitive,349,148,201,57.59,349.0,148,201.0,57.59,Delivered,2024-05-05,Website
OI001893,O01164,P018,1,349,10,314.1,Glycolic Acid Face Cleanser,Cleanser,Normal / Oily,349,143,206,59.03,314.1,143,171.10000000000002,54.47,Delivered,2024-05-05,Website
OI001894,O01164,P005,2,699,15,1188.3,Retinol 0.3% Face Serum,Serum,Normal / Dry,699,318,381,54.51,1188.3,636,552.3,46.48,Delivered,2024-05-05,Website
OI001895,O01165,P028,2,249,0,498.0,Lip Balm SPF 30,Lip Care,All Skin Types,249,92,157,63.05,498.0,184,314.0,63.05,Delivered,2024-06-14,Website
OI001896,O01166,P004,2,649,15,1103.3,Alpha Arbutin 2% Serum,Serum,All Skin Types,649,292,357,55.01,1103.3,584,519.3,47.07,Delivered,2025-03-02,Mobile App
OI001897,O01166,P026,2,449,5,853.1,Body Lotion with Niacinamide,Body Care,All Skin Types,449,182,267,59.47,853.1,364,489.1,57.33,Delivered,2025-03-02,Mobile App
OI001898,O01167,P012,1,449,0,449.0,Marula Oil 5% Moisturizer,Moisturizer,Dry,449,197,252,56.12,449.0,197,252.0,56.12,Delivered,2025-03-03,Mobile App
OI001899,O01168,P009,1,349,0,349.0,Ceramide Moisturizer,Moisturizer,Dry / Sensitive,349,145,204,58.45,349.0,145,204.0,58.45,Delivered,2025-06-19,Website
OI001900,O01169,P023,1,499,5,474.05,Anti-Dandruff Shampoo,Hair Care,Scalp Care,499,221,278,55.71,474.05,221,253.05,53.38,Delivered,2024-05-28,Marketplace
OI001901,O01170,P017,1,299,0,299.0,Oat Extract Gentle Cleanser,Cleanser,Sensitive / Dry,299,121,178,59.53,299.0,121,178.0,59.53,Delivered,2024-11-25,Mobile App
OI001908,O01175,P013,2,399,10,718.2,SPF 50 Sunscreen,Sunscreen,All Skin Types,399,168,231,57.89,718.2,336,382.20000000000005,53.22,Delivered,2024-11-07,Mobile App
OI001909,O01176,P024,2,799,5,1518.1,Hair Growth Actives Serum,Hair Care,Scalp Care,799,372,427,53.44,1518.1,744,774.0999999999999,50.99,Delivered,2024-08-09,Website
OI001910,O01176,P016,1,299,0,299.0,Salicylic Acid Face Cleanser,Cleanser,Oily / Acne-Prone,299,117,182,60.87,299.0,117,182.0,60.87,Delivered,2024-08-09,Website
OI001911,O01177,P006,1,599,10,539.1,Hyaluronic Acid 2% Serum,Serum,Dry / Dehydrated,599,258,341,56.93,539.1,258,281.1,52.14,Delivered,2024-04-25,Mobile App
OI001912,O01178,P005,1,699,15,594.15,Retinol 0.3% Face Serum,Serum,Normal / Dry,699,318,381,54.51,594.15,318,276.15,46.48,Delivered,2024-12-24,Website
OI001913,O01178,P014,3,499,10,1347.3,SPF 60 PA++++ Sunscreen,Sunscreen,All Skin Types,499,211,288,57.72,1347.3,633,714.3,53.02,Delivered,2024-12-24,Website
OI001914,O01179,P015,2,449,10,808.2,Aqualogica Lightweight Sunscreen,Sunscreen,Oily / Combination,449,192,257,57.24,808.2,384,424.20000000000005,52.49,Delivered,2025-08-16,Mobile App
OI001915,O01180,P018,1,349,10,314.1,Glycolic Acid Face Cleanser,Cleanser,Normal / Oily,349,143,206,59.03,314.1,143,171.10000000000002,54.47,Delivered,2024-07-29,Mobile App
OI001916,O01181,P004,1,649,0,649.0,Alpha Arbutin 2% Serum,Serum,All Skin Types,649,292,357,55.01,649.0,292,357.0,55.01,Delivered,2025-08-10,Mobile App
OI001917,O01181,P001,1,549,15,466.65,2% Salicylic Acid Face Serum,Serum,Oily / Acne-Prone,549,247,302,55.01,466.65,247,219.64999999999998,47.07,Delivered,2025-08-10,Mobile App
OI001918,O01182,P004,2,649,5,1233.1,Alpha Arbutin 2% Serum,Serum,All Skin Types,649,292,357,55.01,1233.1,584,649.0999999999999,52.64,Delivered,2024-02-03,Mobile App
OI001923,O01184,P008,1,799,10,719.1,Granactive Retinoid 2% Serum,Serum,Normal / Mature,799,358,441,55.19,719.1,358,361.1,50.22,Delivered,2024-09-09,Website
OI001924,O01185,P027,1,399,10,359.1,Body Wash with Salicylic Acid,Body Care,Oily / Acne-Prone,399,159,240,60.15,359.1,159,200.10000000000002,55.72,Delivered,2024-11-14,Mobile App
OI001925,O01185,P003,1,699,10,629.1,Vitamin C 10% Face Serum,Serum,All Skin Types,699,315,384,54.94,629.1,315,314.1,49.93,Delivered,2024-11-14,Mobile App
OI001931,O01188,P004,1,649,5,616.55,Alpha Arbutin 2% Serum,Serum,All Skin Types,649,292,357,55.01,616.55,292,324.54999999999995,52.64,Delivered,2025-09-27,Website
OI001932,O01188,P018,2,349,5,663.1,Glycolic Acid Face Cleanser,Cleanser,Normal / Oily,349,143,206,59.03,663.1,286,377.1,56.87,Delivered,2025-09-27,Website
OI001937,O01191,P020,3,349,5,994.65,Rose Water Hydrating Toner,Toner,All Skin Types,349,139,210,60.17,994.65,417,577.65,58.08,Delivered,2024-08-29,Website
OI001938,O01191,P014,1,499,10,449.1,SPF 60 PA++++ Sunscreen,Sunscreen,All Skin Types,499,211,288,57.72,449.1,211,238.10000000000002,53.02,Delivered,2024-08-29,Website
OI001939,O01191,P018,1,349,10,314.1,Glycolic Acid Face Cleanser,Cleanser,Normal / Oily,349,143,206,59.03,314.1,143,171.10000000000002,54.47,Delivered,2024-08-29,Website
OI001940,O01192,P004,1,649,5,616.55,Alpha Arbutin 2% Serum,Serum,All Skin Types,649,292,357,55.01,616.55,292,324.54999999999995,52.64,Delivered,2025-08-26,Mobile App
OI001941,O01192,P011,1,349,10,314.1,Sepicalm 3% Moisturizer,Moisturizer,Sensitive,349,148,201,57.59,314.1,148,166.10000000000002,52.88,Delivered,2025-08-26,Mobile App
OI001942,O01192,P013,1,399,15,339.15,SPF 50 Sunscreen,Sunscreen,All Skin Types,399,168,231,57.89,339.15,168,171.14999999999998,50.46,Delivered,2025-08-26,Mobile App
OI001943,O01193,P018,1,349,10,314.1,Glycolic Acid Face Cleanser,Cleanser,Normal / Oily,349,143,206,59.03,314.1,143,171.10000000000002,54.47,Delivered,2024-11-11,Website
OI001944,O01194,P004,1,649,15,551.65,Alpha Arbutin 2% Serum,Serum,All Skin Types,649,292,357,55.01,551.65,292,259.65,47.07,Delivered,2024-11-22,Website
OI001945,O01195,P004,1,649,20,519.2,Alpha Arbutin 2% Serum,Serum,All Skin Types,649,292,357,55.01,519.2,292,227.20000000000005,43.76,Delivered,2025-10-12,Website
OI001946,O01196,P020,1,349,5,331.55,Rose Water Hydrating Toner,Toner,All Skin Types,349,139,210,60.17,331.55,139,192.55,58.08,Delivered,2024-06-15,Mobile App
OI001947,O01196,P014,2,499,10,898.2,SPF 60 PA++++ Sunscreen,Sunscreen,All Skin Types,499,211,288,57.72,898.2,422,476.20000000000005,53.02,Delivered,2024-06-15,Mobile App
OI001948,O01197,P016,1,299,0,299.0,Salicylic Acid Face Cleanser,Cleanser,Oily / Acne-Prone,299,117,182,60.87,299.0,117,182.0,60.87,Delivered,2024-02-23,Website
OI001949,O01197,P001,1,549,0,549.0,2% Salicylic Acid Face Serum,Serum,Oily / Acne-Prone,549,247,302,55.01,549.0,247,302.0,55.01,Delivered,2024-02-23,Website
OI001950,O01198,P001,1,549,25,411.75,2% Salicylic Acid Face Serum,Serum,Oily / Acne-Prone,549,247,302,55.01,411.75,247,164.75,40.01,Delivered,2024-06-13,Mobile App
OI001951,O01199,P002,2,599,5,1138.1,10% Niacinamide Face Serum,Serum,Oily / Combination,599,265,334,55.76,1138.1,530,608.0999999999999,53.43,Delivered,2024-11-24,Mobile App
OI001952,O01199,P028,1,249,10,224.1,Lip Balm SPF 30,Lip Care,All Skin Types,249,92,157,63.05,224.1,92,132.1,58.95,Delivered,2024-11-24,Mobile App
OI001953,O01200,P003,3,699,20,1677.6,Vitamin C 10% Face Serum,Serum,All Skin Types,699,315,384,54.94,1677.6,945,732.5999999999999,43.67,Delivered,2024-10-04,Website
OI001955,O01202,P028,2,249,20,398.4,Lip Balm SPF 30,Lip Care,All Skin Types,249,92,157,63.05,398.4,184,214.39999999999998,53.82,Delivered,2024-02-02,Mobile App
OI001956,O01203,P013,1,399,0,399.0,SPF 50 Sunscreen,Sunscreen,All Skin Types,399,168,231,57.89,399.0,168,231.0,57.89,Delivered,2025-06-07,Mobile App
OI001957,O01203,P004,1,649,10,584.1,Alpha Arbutin 2% Serum,Serum,All Skin Types,649,292,357,55.01,584.1,292,292.1,50.01,Delivered,2025-06-07,Mobile App
OI001958,O01204,P014,1,499,0,499.0,SPF 60 PA++++ Sunscreen,Sunscreen,All Skin Types,499,211,288,57.72,499.0,211,288.0,57.72,Delivered,2024-08-12,Website
OI001959,O01204,P011,1,349,5,331.55,Sepicalm 3% Moisturizer,Moisturizer,Sensitive,349,148,201,57.59,331.55,148,183.55,55.36,Delivered,2024-08-12,Website
OI001960,O01205,P010,1,399,0,399.0,Vitamin B5 Moisturizer,Moisturizer,All Skin Types,399,162,237,59.4,399.0,162,237.0,59.4,Delivered,2024-05-20,Website
OI001962,O01207,P006,1,599,5,569.05,Hyaluronic Acid 2% Serum,Serum,Dry / Dehydrated,599,258,341,56.93,569.05,258,311.04999999999995,54.66,Delivered,2025-02-24,Marketplace
OI001963,O01208,P003,1,699,5,664.05,Vitamin C 10% Face Serum,Serum,All Skin Types,699,315,384,54.94,664.05,315,349.04999999999995,52.56,Delivered,2025-10-29,Mobile App
OI001964,O01208,P024,2,799,20,1278.4,Hair Growth Actives Serum,Hair Care,Scalp Care,799,372,427,53.44,1278.4,744,534.4000000000001,41.8,Delivered,2025-10-29,Mobile App
OI001965,O01209,P011,1,349,10,314.1,Sepicalm 3% Moisturizer,Moisturizer,Sensitive,349,148,201,57.59,314.1,148,166.10000000000002,52.88,Delivered,2025-01-16,Marketplace
OI001966,O01210,P006,1,599,20,479.2,Hyaluronic Acid 2% Serum,Serum,Dry / Dehydrated,599,258,341,56.93,479.2,258,221.2,46.16,Delivered,2024-02-11,Website
OI001967,O01211,P021,1,399,15,339.15,Caffeine Under Eye Cream,Eye Care,All Skin Types,399,157,242,60.65,339.15,157,182.14999999999998,53.71,Delivered,2025-06-05,Website
OI001968,O01212,P016,1,299,5,284.05,Salicylic Acid Face Cleanser,Cleanser,Oily / Acne-Prone,299,117,182,60.87,284.05,117,167.05,58.81,Delivered,2025-08-11,Mobile App
OI001969,O01213,P017,2,299,10,538.2,Oat Extract Gentle Cleanser,Cleanser,Sensitive / Dry,299,121,178,59.53,538.2,242,296.20000000000005,55.04,Delivered,2025-01-31,Website
OI001970,O01213,P017,1,299,5,284.05,Oat Extract Gentle Cleanser,Cleanser,Sensitive / Dry,299,121,178,59.53,284.05,121,163.05,57.4,Delivered,2025-01-31,Website
OI001971,O01214,P023,1,499,15,424.15,Anti-Dandruff Shampoo,Hair Care,Scalp Care,499,221,278,55.71,424.15,221,203.14999999999998,47.9,Delivered,2024-11-05,Website
OI001972,O01215,P016,2,299,10,538.2,Salicylic Acid Face Cleanser,Cleanser,Oily / Acne-Prone,299,117,182,60.87,538.2,234,304.20000000000005,56.52,Delivered,2024-07-10,Website
OI001973,O01215,P024,1,799,15,679.15,Hair Growth Actives Serum,Hair Care,Scalp Care,799,372,427,53.44,679.15,372,307.15,45.23,Delivered,2024-07-10,Website
OI001974,O01215,P011,2,349,0,698.0,Sepicalm 3% Moisturizer,Moisturizer,Sensitive,349,148,201,57.59,698.0,296,402.0,57.59,Delivered,2024-07-10,Website
OI001975,O01216,P005,1,699,20,559.2,Retinol 0.3% Face Serum,Serum,Normal / Dry,699,318,381,54.51,559.2,318,241.20000000000005,43.13,Delivered,2024-06-12,Website
OI001976,O01216,P021,1,399,5,379.05,Caffeine Under Eye Cream,Eye Care,All Skin Types,399,157,242,60.65,379.05,157,222.05,58.58,Delivered,2024-06-12,Website
OI001977,O01216,P011,2,349,10,628.2,Sepicalm 3% Moisturizer,Moisturizer,Sensitive,349,148,201,57.59,628.2,296,332.20000000000005,52.88,Delivered,2024-06-12,Website
OI001978,O01217,P024,1,799,5,759.05,Hair Growth Actives Serum,Hair Care,Scalp Care,799,372,427,53.44,759.05,372,387.04999999999995,50.99,Delivered,2024-01-31,Marketplace
OI001979,O01218,P011,1,349,10,314.1,Sepicalm 3% Moisturizer,Moisturizer,Sensitive,349,148,201,57.59,314.1,148,166.10000000000002,52.88,Delivered,2025-09-07,Mobile App
OI001980,O01218,P028,1,249,5,236.55,Lip Balm SPF 30,Lip Care,All Skin Types,249,92,157,63.05,236.55,92,144.55,61.11,Delivered,2025-09-07,Mobile App
OI001981,O01218,P014,3,499,10,1347.3,SPF 60 PA++++ Sunscreen,Sunscreen,All Skin Types,499,211,288,57.72,1347.3,633,714.3,53.02,Delivered,2025-09-07,Mobile App
OI001982,O01218,P002,2,599,5,1138.1,10% Niacinamide Face Serum,Serum,Oily / Combination,599,265,334,55.76,1138.1,530,608.0999999999999,53.43,Delivered,2025-09-07,Mobile App
OI001983,O01219,P016,1,299,5,284.05,Salicylic Acid Face Cleanser,Cleanser,Oily / Acne-Prone,299,117,182,60.87,284.05,117,167.05,58.81,Delivered,2024-10-11,Website
OI001984,O01219,P018,1,349,20,279.2,Glycolic Acid Face Cleanser,Cleanser,Normal / Oily,349,143,206,59.03,279.2,143,136.2,48.78,Delivered,2024-10-11,Website
OI001985,O01219,P011,1,349,5,331.55,Sepicalm 3% Moisturizer,Moisturizer,Sensitive,349,148,201,57.59,331.55,148,183.55,55.36,Delivered,2024-10-11,Website
OI001986,O01220,P002,2,599,10,1078.2,10% Niacinamide Face Serum,Serum,Oily / Combination,599,265,334,55.76,1078.2,530,548.2,50.84,Delivered,2024-04-26,Mobile App
OI001987,O01220,P009,1,349,0,349.0,Ceramide Moisturizer,Moisturizer,Dry / Sensitive,349,145,204,58.45,349.0,145,204.0,58.45,Delivered,2024-04-26,Mobile App
OI001988,O01220,P023,2,499,10,898.2,Anti-Dandruff Shampoo,Hair Care,Scalp Care,499,221,278,55.71,898.2,442,456.20000000000005,50.79,Delivered,2024-04-26,Mobile App
OI001993,O01224,P014,1,499,10,449.1,SPF 60 PA++++ Sunscreen,Sunscreen,All Skin Types,499,211,288,57.72,449.1,211,238.10000000000002,53.02,Delivered,2025-10-24,Website
OI001994,O01225,P004,1,649,20,519.2,Alpha Arbutin 2% Serum,Serum,All Skin Types,649,292,357,55.01,519.2,292,227.20000000000005,43.76,Delivered,2024-10-22,Website
OI001995,O01225,P025,1,599,5,569.05,Bond Repair Shampoo,Hair Care,Hair Care,599,266,333,55.59,569.05,266,303.04999999999995,53.26,Delivered,2024-10-22,Website
OI001996,O01226,P025,1,599,15,509.15,Bond Repair Shampoo,Hair Care,Hair Care,599,266,333,55.59,509.15,266,243.14999999999998,47.76,Delivered,2025-10-28,Mobile App
OI001997,O01226,P002,2,599,0,1198.0,10% Niacinamide Face Serum,Serum,Oily / Combination,599,265,334,55.76,1198.0,530,668.0,55.76,Delivered,2025-10-28,Mobile App
OI001998,O01226,P001,1,549,20,439.2,2% Salicylic Acid Face Serum,Serum,Oily / Acne-Prone,549,247,302,55.01,439.2,247,192.2,43.76,Delivered,2025-10-28,Mobile App
OI001999,O01227,P013,1,399,10,359.1,SPF 50 Sunscreen,Sunscreen,All Skin Types,399,168,231,57.89,359.1,168,191.10000000000002,53.22,Delivered,2024-04-02,Website
OI002000,O01228,P001,1,549,5,521.55,2% Salicylic Acid Face Serum,Serum,Oily / Acne-Prone,549,247,302,55.01,521.55,247,274.54999999999995,52.64,Delivered,2024-11-08,Mobile App
OI002001,O01228,P009,1,349,0,349.0,Ceramide Moisturizer,Moisturizer,Dry / Sensitive,349,145,204,58.45,349.0,145,204.0,58.45,Delivered,2024-11-08,Mobile App
OI002006,O01231,P016,2,299,0,598.0,Salicylic Acid Face Cleanser,Cleanser,Oily / Acne-Prone,299,117,182,60.87,598.0,234,364.0,60.87,Delivered,2024-11-14,Marketplace
OI002007,O01231,P004,1,649,0,649.0,Alpha Arbutin 2% Serum,Serum,All Skin Types,649,292,357,55.01,649.0,292,357.0,55.01,Delivered,2024-11-14,Marketplace
OI002008,O01231,P018,3,349,10,942.3,Glycolic Acid Face Cleanser,Cleanser,Normal / Oily,349,143,206,59.03,942.3,429,513.3,54.47,Delivered,2024-11-14,Marketplace
OI002009,O01232,P025,2,599,10,1078.2,Bond Repair Shampoo,Hair Care,Hair Care,599,266,333,55.59,1078.2,532,546.2,50.66,Delivered,2025-08-05,Website
OI002010,O01232,P027,2,399,10,718.2,Body Wash with Salicylic Acid,Body Care,Oily / Acne-Prone,399,159,240,60.15,718.2,318,400.20000000000005,55.72,Delivered,2025-08-05,Website
OI002011,O01232,P016,1,299,15,254.15,Salicylic Acid Face Cleanser,Cleanser,Oily / Acne-Prone,299,117,182,60.87,254.15,117,137.15,53.96,Delivered,2025-08-05,Website
OI002012,O01232,P004,1,649,20,519.2,Alpha Arbutin 2% Serum,Serum,All Skin Types,649,292,357,55.01,519.2,292,227.20000000000005,43.76,Delivered,2025-08-05,Website
OI002013,O01233,P006,1,599,0,599.0,Hyaluronic Acid 2% Serum,Serum,Dry / Dehydrated,599,258,341,56.93,599.0,258,341.0,56.93,Delivered,2025-05-22,Website
OI002014,O01234,P028,1,249,0,249.0,Lip Balm SPF 30,Lip Care,All Skin Types,249,92,157,63.05,249.0,92,157.0,63.05,Delivered,2024-12-01,Mobile App
OI002017,O01236,P016,1,299,15,254.15,Salicylic Acid Face Cleanser,Cleanser,Oily / Acne-Prone,299,117,182,60.87,254.15,117,137.15,53.96,Delivered,2025-07-10,Website
OI002018,O01237,P028,1,249,20,199.2,Lip Balm SPF 30,Lip Care,All Skin Types,249,92,157,63.05,199.2,92,107.19999999999999,53.82,Delivered,2024-02-26,Website
OI002019,O01237,P010,1,399,10,359.1,Vitamin B5 Moisturizer,Moisturizer,All Skin Types,399,162,237,59.4,359.1,162,197.10000000000002,54.89,Delivered,2024-02-26,Website
OI002020,O01237,P026,1,449,20,359.2,Body Lotion with Niacinamide,Body Care,All Skin Types,449,182,267,59.47,359.2,182,177.2,49.33,Delivered,2024-02-26,Website
OI002022,O01239,P011,1,349,10,314.1,Sepicalm 3% Moisturizer,Moisturizer,Sensitive,349,148,201,57.59,314.1,148,166.10000000000002,52.88,Delivered,2025-04-04,Website
OI002023,O01240,P008,1,799,10,719.1,Granactive Retinoid 2% Serum,Serum,Normal / Mature,799,358,441,55.19,719.1,358,361.1,50.22,Delivered,2024-01-07,Website
OI002024,O01240,P027,1,399,20,319.2,Body Wash with Salicylic Acid,Body Care,Oily / Acne-Prone,399,159,240,60.15,319.2,159,160.2,50.19,Delivered,2024-01-07,Website
OI002027,O01242,P004,1,649,15,551.65,Alpha Arbutin 2% Serum,Serum,All Skin Types,649,292,357,55.01,551.65,292,259.65,47.07,Delivered,2025-09-03,Website
OI002029,O01244,P001,2,549,10,988.2,2% Salicylic Acid Face Serum,Serum,Oily / Acne-Prone,549,247,302,55.01,988.2,494,494.20000000000005,50.01,Delivered,2025-04-26,Website
OI002030,O01245,P014,1,499,15,424.15,SPF 60 PA++++ Sunscreen,Sunscreen,All Skin Types,499,211,288,57.72,424.15,211,213.14999999999998,50.25,Delivered,2025-07-05,Website
OI002031,O01246,P016,2,299,0,598.0,Salicylic Acid Face Cleanser,Cleanser,Oily / Acne-Prone,299,117,182,60.87,598.0,234,364.0,60.87,Delivered,2025-04-07,Mobile App
OI002032,O01247,P028,1,249,0,249.0,Lip Balm SPF 30,Lip Care,All Skin Types,249,92,157,63.05,249.0,92,157.0,63.05,Delivered,2024-01-13,Website
OI002033,O01247,P006,1,599,15,509.15,Hyaluronic Acid 2% Serum,Serum,Dry / Dehydrated,599,258,341,56.93,509.15,258,251.14999999999998,49.33,Delivered,2024-01-13,Website
OI002034,O01247,P026,1,449,5,426.55,Body Lotion with Niacinamide,Body Care,All Skin Types,449,182,267,59.47,426.55,182,244.55,57.33,Delivered,2024-01-13,Website
OI002035,O01247,P017,1,299,20,239.2,Oat Extract Gentle Cleanser,Cleanser,Sensitive / Dry,299,121,178,59.53,239.2,121,118.19999999999999,49.41,Delivered,2024-01-13,Website
OI002036,O01248,P013,1,399,0,399.0,SPF 50 Sunscreen,Sunscreen,All Skin Types,399,168,231,57.89,399.0,168,231.0,57.89,Delivered,2025-02-12,Mobile App
OI002037,O01248,P001,1,549,0,549.0,2% Salicylic Acid Face Serum,Serum,Oily / Acne-Prone,549,247,302,55.01,549.0,247,302.0,55.01,Delivered,2025-02-12,Mobile App
OI002038,O01249,P014,1,499,20,399.2,SPF 60 PA++++ Sunscreen,Sunscreen,All Skin Types,499,211,288,57.72,399.2,211,188.2,47.14,Delivered,2024-07-27,Website
OI002039,O01249,P011,2,349,15,593.3,Sepicalm 3% Moisturizer,Moisturizer,Sensitive,349,148,201,57.59,593.3,296,297.29999999999995,50.11,Delivered,2024-07-27,Website
OI002040,O01249,P006,2,599,10,1078.2,Hyaluronic Acid 2% Serum,Serum,Dry / Dehydrated,599,258,341,56.93,1078.2,516,562.2,52.14,Delivered,2024-07-27,Website
OI002041,O01250,P014,1,499,15,424.15,SPF 60 PA++++ Sunscreen,Sunscreen,All Skin Types,499,211,288,57.72,424.15,211,213.14999999999998,50.25,Delivered,2025-05-09,Marketplace
OI002042,O01250,P015,1,449,20,359.2,Aqualogica Lightweight Sunscreen,Sunscreen,Oily / Combination,449,192,257,57.24,359.2,192,167.2,46.55,Delivered,2025-05-09,Marketplace
